campaign_id,instance,algorithm,repetition,order,elapsed_ns,n_layers,n_breakpoints,sequence_hash,peak_rss_kib,git_commit,timestamp_utc,n_nodes,n_arcs,n_components,rac_clusters,rac_joins,rac_internalizations,rac_envelope_sum_calls,rac_envelope_max_calls,rac_hull_calls,rac_lines_scanned,rac_line_comparisons,rac_rational_comparisons,rac_pieces_stored,rac_topdown_events,rac_topdown_scans,rac_expanded_vertices,rac_expanded_edges,rac_rounds,rac_max_cluster_depth,rac_estimated_bytes
campaign_c,gen_n10000_rho0.3_anti-correlated_seed0.pcf,pac,0,0,200926890,8143,8142,5254154613107489115,12640,bd9d01a0c917,2026-08-31T09:01:02Z,10000,3016,6984,,,,,,,,,,,,,,,,,
campaign_c,gen_n10000_rho0.3_anti-correlated_seed0.pcf,pac,1,0,197734903,8143,8142,5254154613107489115,12640,bd9d01a0c917,2026-08-31T09:01:02Z,10000,3016,6984,,,,,,,,,,,,,,,,,
campaign_c,gen_n10000_rho0.3_anti-correlated_seed1.pcf,pac,0,0,195803068,8190,8189,1324323713532864455,12640,bd9d01a0c917,2026-08-31T09:01:02Z,10000,2935,7065,,,,,,,,,,,,,,,,,
campaign_c,gen_n10000_rho0.3_anti-correlated_seed1.pcf,pac,1,0,196952148,8190,8189,1324323713532864455,12640,bd9d01a0c917,2026-08-31T09:01:02Z,10000,2935,7065,,,,,,,,,,,,,,,,,
campaign_c,gen_n10000_rho0.3_anti-correlated_seed2.pcf,pac,0,0,199437290,8165,8164,16354864859188361140,12640,bd9d01a0c917,2026-08-31T09:01:02Z,10000,3017,6983,,,,,,,,,,,,,,,,,
campaign_c,gen_n10000_rho0.3_anti-correlated_seed2.pcf,pac,1,0,197140243,8165,8164,16354864859188361140,12640,bd9d01a0c917,2026-08-31T09:01:03Z,10000,3017,6983,,,,,,,,,,,,,,,,,
campaign_c,gen_n10000_rho0.3_anti-correlated_seed3.pcf,pac,0,0,200951104,8159,8158,6927257128097174099,12640,bd9d01a0c917,2026-08-31T09:01:03Z,10000,2999,7001,,,,,,,,,,,,,,,,,
campaign_c,gen_n10000_rho0.3_anti-correlated_seed3.pcf,pac,1,0,200796231,8159,8158,6927257128097174099,12640,bd9d01a0c917,2026-08-31T09:01:03Z,10000,2999,7001,,,,,,,,,,,,,,,,,
campaign_c,gen_n10000_rho0.3_anti-correlated_seed4.pcf,pac,0,0,202611808,8133,8132,8379173725844895053,12640,bd9d01a0c917,2026-08-31T09:01:03Z,10000,3069,6931,,,,,,,,,,,,,,,,,
campaign_c,gen_n10000_rho0.3_anti-correlated_seed4.pcf,pac,1,0,202919789,8133,8132,8379173725844895053,12640,bd9d01a0c917,2026-08-31T09:01:03Z,10000,3069,6931,,,,,,,,,,,,,,,,,
campaign_c,gen_n10000_rho0.3_anti-correlated_seed5.pcf,pac,0,0,201648620,8106,8105,4480383551345430673,12640,bd9d01a0c917,2026-08-31T09:01:04Z,10000,3031,6969,,,,,,,,,,,,,,,,,
campaign_c,gen_n10000_rho0.3_anti-correlated_seed5.pcf,pac,1,0,200081748,8106,8105,4480383551345430673,12640,bd9d01a0c917,2026-08-31T09:01:04Z,10000,3031,6969,,,,,,,,,,,,,,,,,
campaign_c,gen_n10000_rho0.3_anti-correlated_seed6.pcf,pac,0,0,200540547,8185,8184,9528283086271471001,12640,bd9d01a0c917,2026-08-31T09:01:04Z,10000,3046,6954,,,,,,,,,,,,,,,,,
campaign_c,gen_n10000_rho0.3_anti-correlated_seed6.pcf,pac,1,0,199541847,8185,8184,9528283086271471001,12640,bd9d01a0c917,2026-08-31T09:01:04Z,10000,3046,6954,,,,,,,,,,,,,,,,,
campaign_c,gen_n10000_rho0.3_anti-correlated_seed7.pcf,pac,0,0,199917384,8258,8257,14336074126984443293,12640,bd9d01a0c917,2026-08-31T09:01:04Z,10000,2932,7068,,,,,,,,,,,,,,,,,
campaign_c,gen_n10000_rho0.3_anti-correlated_seed7.pcf,pac,1,0,197659087,8258,8257,14336074126984443293,12640,bd9d01a0c917,2026-08-31T09:01:05Z,10000,2932,7068,,,,,,,,,,,,,,,,,
campaign_c,gen_n10000_rho0.3_anti-correlated_seed8.pcf,pac,0,0,198389395,8193,8192,1357464946893435499,12640,bd9d01a0c917,2026-08-31T09:01:05Z,10000,3038,6962,,,,,,,,,,,,,,,,,
campaign_c,gen_n10000_rho0.3_anti-correlated_seed8.pcf,pac,1,0,198651461,8193,8192,1357464946893435499,12640,bd9d01a0c917,2026-08-31T09:01:05Z,10000,3038,6962,,,,,,,,,,,,,,,,,
campaign_c,gen_n10000_rho0.3_anti-correlated_seed9.pcf,pac,0,0,198906521,8184,8183,9845271329426851412,12640,bd9d01a0c917,2026-08-31T09:01:05Z,10000,2965,7035,,,,,,,,,,,,,,,,,
campaign_c,gen_n10000_rho0.3_anti-correlated_seed9.pcf,pac,1,0,195817629,8184,8183,9845271329426851412,12640,bd9d01a0c917,2026-08-31T09:01:05Z,10000,2965,7035,,,,,,,,,,,,,,,,,
campaign_c,gen_n10000_rho0.3_correlated_seed0.pcf,pac,0,0,185531081,7372,7371,16749088626822569477,12640,bd9d01a0c917,2026-08-31T09:01:06Z,10000,3016,6984,,,,,,,,,,,,,,,,,
campaign_c,gen_n10000_rho0.3_correlated_seed0.pcf,pac,1,0,185707746,7372,7371,16749088626822569477,12640,bd9d01a0c917,2026-08-31T09:01:06Z,10000,3016,6984,,,,,,,,,,,,,,,,,
campaign_c,gen_n10000_rho0.3_correlated_seed1.pcf,pac,0,0,183025130,7470,7469,6531043257996396219,12640,bd9d01a0c917,2026-08-31T09:01:06Z,10000,2935,7065,,,,,,,,,,,,,,,,,
campaign_c,gen_n10000_rho0.3_correlated_seed1.pcf,pac,1,0,181970674,7470,7469,6531043257996396219,12640,bd9d01a0c917,2026-08-31T09:01:06Z,10000,2935,7065,,,,,,,,,,,,,,,,,
campaign_c,gen_n10000_rho0.3_correlated_seed2.pcf,pac,0,0,186361534,7472,7471,13056469307555162683,12640,bd9d01a0c917,2026-08-31T09:01:06Z,10000,3017,6983,,,,,,,,,,,,,,,,,
campaign_c,gen_n10000_rho0.3_correlated_seed2.pcf,pac,1,0,187580403,7472,7471,13056469307555162683,12640,bd9d01a0c917,2026-08-31T09:01:06Z,10000,3017,6983,,,,,,,,,,,,,,,,,
campaign_c,gen_n10000_rho0.3_correlated_seed3.pcf,pac,0,0,183072224,7394,7393,14734568838076160070,12640,bd9d01a0c917,2026-08-31T09:01:07Z,10000,2999,7001,,,,,,,,,,,,,,,,,
campaign_c,gen_n10000_rho0.3_correlated_seed3.pcf,pac,1,0,184355647,7394,7393,14734568838076160070,12640,bd9d01a0c917,2026-08-31T09:01:07Z,10000,2999,7001,,,,,,,,,,,,,,,,,
campaign_c,gen_n10000_rho0.3_correlated_seed4.pcf,pac,0,0,186590435,7408,7407,18365003930014800302,12800,bd9d01a0c917,2026-08-31T09:01:07Z,10000,3069,6931,,,,,,,,,,,,,,,,,
campaign_c,gen_n10000_rho0.3_correlated_seed4.pcf,pac,1,0,184854378,7408,7407,18365003930014800302,12800,bd9d01a0c917,2026-08-31T09:01:07Z,10000,3069,6931,,,,,,,,,,,,,,,,,
campaign_c,gen_n10000_rho0.3_correlated_seed5.pcf,pac,0,0,184674154,7436,7435,2263546274347078505,12800,bd9d01a0c917,2026-08-31T09:01:07Z,10000,3031,6969,,,,,,,,,,,,,,,,,
campaign_c,gen_n10000_rho0.3_correlated_seed5.pcf,pac,1,0,185700144,7436,7435,2263546274347078505,12800,bd9d01a0c917,2026-08-31T09:01:08Z,10000,3031,6969,,,,,,,,,,,,,,,,,
campaign_c,gen_n10000_rho0.3_correlated_seed6.pcf,pac,0,0,186328151,7385,7384,18274813076789775277,12800,bd9d01a0c917,2026-08-31T09:01:08Z,10000,3046,6954,,,,,,,,,,,,,,,,,
campaign_c,gen_n10000_rho0.3_correlated_seed6.pcf,pac,1,0,186422996,7385,7384,18274813076789775277,12800,bd9d01a0c917,2026-08-31T09:01:08Z,10000,3046,6954,,,,,,,,,,,,,,,,,
campaign_c,gen_n10000_rho0.3_correlated_seed7.pcf,pac,0,0,181049999,7446,7445,10323037889503138673,12800,bd9d01a0c917,2026-08-31T09:01:08Z,10000,2932,7068,,,,,,,,,,,,,,,,,
campaign_c,gen_n10000_rho0.3_correlated_seed7.pcf,pac,1,0,180641295,7446,7445,10323037889503138673,12800,bd9d01a0c917,2026-08-31T09:01:08Z,10000,2932,7068,,,,,,,,,,,,,,,,,
campaign_c,gen_n10000_rho0.3_correlated_seed8.pcf,pac,0,0,183829843,7488,7487,4532656030816079191,12800,bd9d01a0c917,2026-08-31T09:01:09Z,10000,3038,6962,,,,,,,,,,,,,,,,,
campaign_c,gen_n10000_rho0.3_correlated_seed8.pcf,pac,1,0,183895314,7488,7487,4532656030816079191,12800,bd9d01a0c917,2026-08-31T09:01:09Z,10000,3038,6962,,,,,,,,,,,,,,,,,
campaign_c,gen_n10000_rho0.3_correlated_seed9.pcf,pac,0,0,183357360,7444,7443,11724661049590503432,12800,bd9d01a0c917,2026-08-31T09:01:09Z,10000,2965,7035,,,,,,,,,,,,,,,,,
campaign_c,gen_n10000_rho0.3_correlated_seed9.pcf,pac,1,0,182482069,7444,7443,11724661049590503432,12800,bd9d01a0c917,2026-08-31T09:01:09Z,10000,2965,7035,,,,,,,,,,,,,,,,,
campaign_c,gen_n10000_rho0.3_exact-ties_seed0.pcf,pac,0,0,60294914,1231,1230,11817971045360714145,12800,bd9d01a0c917,2026-08-31T09:01:09Z,10000,2985,7015,,,,,,,,,,,,,,,,,
campaign_c,gen_n10000_rho0.3_exact-ties_seed0.pcf,pac,1,0,59890079,1231,1230,11817971045360714145,12800,bd9d01a0c917,2026-08-31T09:01:09Z,10000,2985,7015,,,,,,,,,,,,,,,,,
campaign_c,gen_n10000_rho0.3_exact-ties_seed1.pcf,pac,0,0,58525681,1227,1226,17613995460701011115,12800,bd9d01a0c917,2026-08-31T09:01:09Z,10000,2969,7031,,,,,,,,,,,,,,,,,
campaign_c,gen_n10000_rho0.3_exact-ties_seed1.pcf,pac,1,0,58391985,1227,1226,17613995460701011115,12800,bd9d01a0c917,2026-08-31T09:01:09Z,10000,2969,7031,,,,,,,,,,,,,,,,,
campaign_c,gen_n10000_rho0.3_exact-ties_seed2.pcf,pac,0,0,60294187,1231,1230,5496325481365601760,12800,bd9d01a0c917,2026-08-31T09:01:09Z,10000,3025,6975,,,,,,,,,,,,,,,,,
campaign_c,gen_n10000_rho0.3_exact-ties_seed2.pcf,pac,1,0,59621561,1231,1230,5496325481365601760,12800,bd9d01a0c917,2026-08-31T09:01:09Z,10000,3025,6975,,,,,,,,,,,,,,,,,
campaign_c,gen_n10000_rho0.3_exact-ties_seed3.pcf,pac,0,0,59749389,1234,1233,15359771459144021320,12800,bd9d01a0c917,2026-08-31T09:01:10Z,10000,2992,7008,,,,,,,,,,,,,,,,,
campaign_c,gen_n10000_rho0.3_exact-ties_seed3.pcf,pac,1,0,59589235,1234,1233,15359771459144021320,12800,bd9d01a0c917,2026-08-31T09:01:10Z,10000,2992,7008,,,,,,,,,,,,,,,,,
campaign_c,gen_n10000_rho0.3_exact-ties_seed4.pcf,pac,0,0,60324561,1248,1247,17082467320738542040,12800,bd9d01a0c917,2026-08-31T09:01:10Z,10000,3009,6991,,,,,,,,,,,,,,,,,
campaign_c,gen_n10000_rho0.3_exact-ties_seed4.pcf,pac,1,0,60605678,1248,1247,17082467320738542040,12800,bd9d01a0c917,2026-08-31T09:01:10Z,10000,3009,6991,,,,,,,,,,,,,,,,,
campaign_c,gen_n10000_rho0.3_exact-ties_seed5.pcf,pac,0,0,58045621,1211,1210,16450281766537896154,12800,bd9d01a0c917,2026-08-31T09:01:10Z,10000,2919,7081,,,,,,,,,,,,,,,,,
campaign_c,gen_n10000_rho0.3_exact-ties_seed5.pcf,pac,1,0,57831160,1211,1210,16450281766537896154,12800,bd9d01a0c917,2026-08-31T09:01:10Z,10000,2919,7081,,,,,,,,,,,,,,,,,
campaign_c,gen_n10000_rho0.3_exact-ties_seed6.pcf,pac,0,0,62139834,1248,1247,8079055025191833743,12800,bd9d01a0c917,2026-08-31T09:01:10Z,10000,3056,6944,,,,,,,,,,,,,,,,,
campaign_c,gen_n10000_rho0.3_exact-ties_seed6.pcf,pac,1,0,61984096,1248,1247,8079055025191833743,12800,bd9d01a0c917,2026-08-31T09:01:10Z,10000,3056,6944,,,,,,,,,,,,,,,,,
campaign_c,gen_n10000_rho0.3_exact-ties_seed7.pcf,pac,0,0,59265857,1261,1260,10823352525781018894,12800,bd9d01a0c917,2026-08-31T09:01:10Z,10000,2955,7045,,,,,,,,,,,,,,,,,
campaign_c,gen_n10000_rho0.3_exact-ties_seed7.pcf,pac,1,0,59440247,1261,1260,10823352525781018894,12800,bd9d01a0c917,2026-08-31T09:01:10Z,10000,2955,7045,,,,,,,,,,,,,,,,,
campaign_c,gen_n10000_rho0.3_exact-ties_seed8.pcf,pac,0,0,60798203,1263,1262,16348873998833200895,12800,bd9d01a0c917,2026-08-31T09:01:10Z,10000,3007,6993,,,,,,,,,,,,,,,,,
campaign_c,gen_n10000_rho0.3_exact-ties_seed8.pcf,pac,1,0,61705694,1263,1262,16348873998833200895,12800,bd9d01a0c917,2026-08-31T09:01:10Z,10000,3007,6993,,,,,,,,,,,,,,,,,
campaign_c,gen_n10000_rho0.3_exact-ties_seed9.pcf,pac,0,0,61059220,1240,1239,6744369499330982323,12800,bd9d01a0c917,2026-08-31T09:01:10Z,10000,2995,7005,,,,,,,,,,,,,,,,,
campaign_c,gen_n10000_rho0.3_exact-ties_seed9.pcf,pac,1,0,60244670,1240,1239,6744369499330982323,12800,bd9d01a0c917,2026-08-31T09:01:10Z,10000,2995,7005,,,,,,,,,,,,,,,,,
campaign_c,gen_n10000_rho0.3_independent-positive_seed0.pcf,pac,0,0,202725736,8320,8319,11966815063774336457,12800,bd9d01a0c917,2026-08-31T09:01:11Z,10000,3006,6994,,,,,,,,,,,,,,,,,
campaign_c,gen_n10000_rho0.3_independent-positive_seed0.pcf,pac,1,0,205458744,8320,8319,11966815063774336457,12800,bd9d01a0c917,2026-08-31T09:01:11Z,10000,3006,6994,,,,,,,,,,,,,,,,,
campaign_c,gen_n10000_rho0.3_independent-positive_seed1.pcf,pac,0,0,200465499,8314,8313,9112775241310630871,12800,bd9d01a0c917,2026-08-31T09:01:11Z,10000,3011,6989,,,,,,,,,,,,,,,,,
campaign_c,gen_n10000_rho0.3_independent-positive_seed1.pcf,pac,1,0,200676337,8314,8313,9112775241310630871,12800,bd9d01a0c917,2026-08-31T09:01:11Z,10000,3011,6989,,,,,,,,,,,,,,,,,
campaign_c,gen_n10000_rho0.3_independent-positive_seed2.pcf,pac,0,0,203666614,8281,8280,18066529494328726548,12800,bd9d01a0c917,2026-08-31T09:01:11Z,10000,3057,6943,,,,,,,,,,,,,,,,,
campaign_c,gen_n10000_rho0.3_independent-positive_seed2.pcf,pac,1,0,205570210,8281,8280,18066529494328726548,12800,bd9d01a0c917,2026-08-31T09:01:12Z,10000,3057,6943,,,,,,,,,,,,,,,,,
campaign_c,gen_n10000_rho0.3_independent-positive_seed3.pcf,pac,0,0,201371833,8367,8366,16593458325415866856,12800,bd9d01a0c917,2026-08-31T09:01:12Z,10000,2982,7018,,,,,,,,,,,,,,,,,
campaign_c,gen_n10000_rho0.3_independent-positive_seed3.pcf,pac,1,0,202720465,8367,8366,16593458325415866856,12800,bd9d01a0c917,2026-08-31T09:01:12Z,10000,2982,7018,,,,,,,,,,,,,,,,,
campaign_c,gen_n10000_rho0.3_independent-positive_seed4.pcf,pac,0,0,203560366,8288,8287,1783331918048069619,12800,bd9d01a0c917,2026-08-31T09:01:12Z,10000,3011,6989,,,,,,,,,,,,,,,,,
campaign_c,gen_n10000_rho0.3_independent-positive_seed4.pcf,pac,1,0,202887446,8288,8287,1783331918048069619,12800,bd9d01a0c917,2026-08-31T09:01:12Z,10000,3011,6989,,,,,,,,,,,,,,,,,
campaign_c,gen_n10000_rho0.3_independent-positive_seed5.pcf,pac,0,0,204466199,8322,8321,15599461033790651082,12960,bd9d01a0c917,2026-08-31T09:01:13Z,10000,3011,6989,,,,,,,,,,,,,,,,,
campaign_c,gen_n10000_rho0.3_independent-positive_seed5.pcf,pac,1,0,202240193,8322,8321,15599461033790651082,12960,bd9d01a0c917,2026-08-31T09:01:13Z,10000,3011,6989,,,,,,,,,,,,,,,,,
campaign_c,gen_n10000_rho0.3_independent-positive_seed6.pcf,pac,0,0,202806117,8280,8279,13276800951300129914,12960,bd9d01a0c917,2026-08-31T09:01:13Z,10000,3047,6953,,,,,,,,,,,,,,,,,
campaign_c,gen_n10000_rho0.3_independent-positive_seed6.pcf,pac,1,0,202077842,8280,8279,13276800951300129914,12960,bd9d01a0c917,2026-08-31T09:01:13Z,10000,3047,6953,,,,,,,,,,,,,,,,,
campaign_c,gen_n10000_rho0.3_independent-positive_seed7.pcf,pac,0,0,198827654,8364,8363,9439209326351056309,12960,bd9d01a0c917,2026-08-31T09:01:13Z,10000,2938,7062,,,,,,,,,,,,,,,,,
campaign_c,gen_n10000_rho0.3_independent-positive_seed7.pcf,pac,1,0,197338377,8364,8363,9439209326351056309,12960,bd9d01a0c917,2026-08-31T09:01:14Z,10000,2938,7062,,,,,,,,,,,,,,,,,
campaign_c,gen_n10000_rho0.3_independent-positive_seed8.pcf,pac,0,0,202881400,8288,8287,7154922938261202711,12960,bd9d01a0c917,2026-08-31T09:01:14Z,10000,3035,6965,,,,,,,,,,,,,,,,,
campaign_c,gen_n10000_rho0.3_independent-positive_seed8.pcf,pac,1,0,202380719,8288,8287,7154922938261202711,12960,bd9d01a0c917,2026-08-31T09:01:14Z,10000,3035,6965,,,,,,,,,,,,,,,,,
campaign_c,gen_n10000_rho0.3_independent-positive_seed9.pcf,pac,0,0,201232841,8375,8374,15820636865231367760,12960,bd9d01a0c917,2026-08-31T09:01:14Z,10000,3019,6981,,,,,,,,,,,,,,,,,
campaign_c,gen_n10000_rho0.3_independent-positive_seed9.pcf,pac,1,0,201050059,8375,8374,15820636865231367760,12960,bd9d01a0c917,2026-08-31T09:01:14Z,10000,3019,6981,,,,,,,,,,,,,,,,,
campaign_c,gen_n10000_rho0.3_independent-signed_seed0.pcf,pac,0,0,201617894,8362,8361,13435226759160887769,12960,bd9d01a0c917,2026-08-31T09:01:15Z,10000,3005,6995,,,,,,,,,,,,,,,,,
campaign_c,gen_n10000_rho0.3_independent-signed_seed0.pcf,pac,1,0,202696934,8362,8361,13435226759160887769,12960,bd9d01a0c917,2026-08-31T09:01:15Z,10000,3005,6995,,,,,,,,,,,,,,,,,
campaign_c,gen_n10000_rho0.3_independent-signed_seed1.pcf,pac,0,0,206971871,8427,8426,8592358039324216786,12960,bd9d01a0c917,2026-08-31T09:01:15Z,10000,3012,6988,,,,,,,,,,,,,,,,,
campaign_c,gen_n10000_rho0.3_independent-signed_seed1.pcf,pac,1,0,205050341,8427,8426,8592358039324216786,12960,bd9d01a0c917,2026-08-31T09:01:15Z,10000,3012,6988,,,,,,,,,,,,,,,,,
campaign_c,gen_n10000_rho0.3_independent-signed_seed2.pcf,pac,0,0,207351708,8386,8385,13343654450525242043,12960,bd9d01a0c917,2026-08-31T09:01:15Z,10000,3059,6941,,,,,,,,,,,,,,,,,
campaign_c,gen_n10000_rho0.3_independent-signed_seed2.pcf,pac,1,0,205581454,8386,8385,13343654450525242043,12960,bd9d01a0c917,2026-08-31T09:01:16Z,10000,3059,6941,,,,,,,,,,,,,,,,,
campaign_c,gen_n10000_rho0.3_independent-signed_seed3.pcf,pac,0,0,203597446,8419,8418,5225731827488458022,12960,bd9d01a0c917,2026-08-31T09:01:16Z,10000,2980,7020,,,,,,,,,,,,,,,,,
campaign_c,gen_n10000_rho0.3_independent-signed_seed3.pcf,pac,1,0,200609687,8419,8418,5225731827488458022,12960,bd9d01a0c917,2026-08-31T09:01:16Z,10000,2980,7020,,,,,,,,,,,,,,,,,
campaign_c,gen_n10000_rho0.3_independent-signed_seed4.pcf,pac,0,0,202012248,8407,8406,6446740479059468218,12960,bd9d01a0c917,2026-08-31T09:01:16Z,10000,3013,6987,,,,,,,,,,,,,,,,,
campaign_c,gen_n10000_rho0.3_independent-signed_seed4.pcf,pac,1,0,205928121,8407,8406,6446740479059468218,12960,bd9d01a0c917,2026-08-31T09:01:16Z,10000,3013,6987,,,,,,,,,,,,,,,,,
campaign_c,gen_n10000_rho0.3_independent-signed_seed5.pcf,pac,0,0,203594560,8404,8403,4752561758217444593,12960,bd9d01a0c917,2026-08-31T09:01:17Z,10000,3011,6989,,,,,,,,,,,,,,,,,
campaign_c,gen_n10000_rho0.3_independent-signed_seed5.pcf,pac,1,0,202359299,8404,8403,4752561758217444593,12960,bd9d01a0c917,2026-08-31T09:01:17Z,10000,3011,6989,,,,,,,,,,,,,,,,,
campaign_c,gen_n10000_rho0.3_independent-signed_seed6.pcf,pac,0,0,207915387,8385,8384,14857052717164658821,12960,bd9d01a0c917,2026-08-31T09:01:17Z,10000,3048,6952,,,,,,,,,,,,,,,,,
campaign_c,gen_n10000_rho0.3_independent-signed_seed6.pcf,pac,1,0,206660675,8385,8384,14857052717164658821,12960,bd9d01a0c917,2026-08-31T09:01:17Z,10000,3048,6952,,,,,,,,,,,,,,,,,
campaign_c,gen_n10000_rho0.3_independent-signed_seed7.pcf,pac,0,0,199480206,8449,8448,6440617276963396710,12960,bd9d01a0c917,2026-08-31T09:01:18Z,10000,2939,7061,,,,,,,,,,,,,,,,,
campaign_c,gen_n10000_rho0.3_independent-signed_seed7.pcf,pac,1,0,204604230,8449,8448,6440617276963396710,12960,bd9d01a0c917,2026-08-31T09:01:18Z,10000,2939,7061,,,,,,,,,,,,,,,,,
campaign_c,gen_n10000_rho0.3_independent-signed_seed8.pcf,pac,0,0,205473457,8357,8356,4702569625508669883,12960,bd9d01a0c917,2026-08-31T09:01:18Z,10000,3037,6963,,,,,,,,,,,,,,,,,
campaign_c,gen_n10000_rho0.3_independent-signed_seed8.pcf,pac,1,0,204275097,8357,8356,4702569625508669883,12960,bd9d01a0c917,2026-08-31T09:01:18Z,10000,3037,6963,,,,,,,,,,,,,,,,,
campaign_c,gen_n10000_rho0.3_independent-signed_seed9.pcf,pac,0,0,203554017,8370,8369,16405009235519817568,12960,bd9d01a0c917,2026-08-31T09:01:18Z,10000,3016,6984,,,,,,,,,,,,,,,,,
campaign_c,gen_n10000_rho0.3_independent-signed_seed9.pcf,pac,1,0,204888814,8370,8369,16405009235519817568,12960,bd9d01a0c917,2026-08-31T09:01:19Z,10000,3016,6984,,,,,,,,,,,,,,,,,
campaign_c,gen_n10000_rho0.3_near-ties_seed0.pcf,pac,0,0,43943873,438,437,10163837459212443413,12960,bd9d01a0c917,2026-08-31T09:01:19Z,10000,3018,6982,,,,,,,,,,,,,,,,,
campaign_c,gen_n10000_rho0.3_near-ties_seed0.pcf,pac,1,0,43650389,438,437,10163837459212443413,12960,bd9d01a0c917,2026-08-31T09:01:19Z,10000,3018,6982,,,,,,,,,,,,,,,,,
campaign_c,gen_n10000_rho0.3_near-ties_seed1.pcf,pac,0,0,42139147,436,435,5049801226865551929,12960,bd9d01a0c917,2026-08-31T09:01:19Z,10000,2949,7051,,,,,,,,,,,,,,,,,
campaign_c,gen_n10000_rho0.3_near-ties_seed1.pcf,pac,1,0,42022097,436,435,5049801226865551929,12960,bd9d01a0c917,2026-08-31T09:01:19Z,10000,2949,7051,,,,,,,,,,,,,,,,,
campaign_c,gen_n10000_rho0.3_near-ties_seed2.pcf,pac,0,0,43860123,445,444,12339042370988270961,12960,bd9d01a0c917,2026-08-31T09:01:19Z,10000,3067,6933,,,,,,,,,,,,,,,,,
campaign_c,gen_n10000_rho0.3_near-ties_seed2.pcf,pac,1,0,43513313,445,444,12339042370988270961,12960,bd9d01a0c917,2026-08-31T09:01:19Z,10000,3067,6933,,,,,,,,,,,,,,,,,
campaign_c,gen_n10000_rho0.3_near-ties_seed3.pcf,pac,0,0,42989870,442,441,14754219528792051721,12960,bd9d01a0c917,2026-08-31T09:01:19Z,10000,2969,7031,,,,,,,,,,,,,,,,,
campaign_c,gen_n10000_rho0.3_near-ties_seed3.pcf,pac,1,0,42533507,442,441,14754219528792051721,12960,bd9d01a0c917,2026-08-31T09:01:19Z,10000,2969,7031,,,,,,,,,,,,,,,,,
campaign_c,gen_n10000_rho0.3_near-ties_seed4.pcf,pac,0,0,44714325,452,451,14516839693031991468,12960,bd9d01a0c917,2026-08-31T09:01:19Z,10000,3060,6940,,,,,,,,,,,,,,,,,
campaign_c,gen_n10000_rho0.3_near-ties_seed4.pcf,pac,1,0,44555292,452,451,14516839693031991468,12960,bd9d01a0c917,2026-08-31T09:01:19Z,10000,3060,6940,,,,,,,,,,,,,,,,,
campaign_c,gen_n10000_rho0.3_near-ties_seed5.pcf,pac,0,0,43209855,455,454,9673864591264311050,12960,bd9d01a0c917,2026-08-31T09:01:19Z,10000,2983,7017,,,,,,,,,,,,,,,,,
campaign_c,gen_n10000_rho0.3_near-ties_seed5.pcf,pac,1,0,43221498,455,454,9673864591264311050,12960,bd9d01a0c917,2026-08-31T09:01:19Z,10000,2983,7017,,,,,,,,,,,,,,,,,
campaign_c,gen_n10000_rho0.3_near-ties_seed6.pcf,pac,0,0,41572427,443,442,8197126166247964779,12960,bd9d01a0c917,2026-08-31T09:01:19Z,10000,2962,7038,,,,,,,,,,,,,,,,,
campaign_c,gen_n10000_rho0.3_near-ties_seed6.pcf,pac,1,0,41847465,443,442,8197126166247964779,12960,bd9d01a0c917,2026-08-31T09:01:19Z,10000,2962,7038,,,,,,,,,,,,,,,,,
campaign_c,gen_n10000_rho0.3_near-ties_seed7.pcf,pac,0,0,42577708,450,449,5508002225517635938,12960,bd9d01a0c917,2026-08-31T09:01:19Z,10000,2928,7072,,,,,,,,,,,,,,,,,
campaign_c,gen_n10000_rho0.3_near-ties_seed7.pcf,pac,1,0,41847712,450,449,5508002225517635938,12960,bd9d01a0c917,2026-08-31T09:01:19Z,10000,2928,7072,,,,,,,,,,,,,,,,,
campaign_c,gen_n10000_rho0.3_near-ties_seed8.pcf,pac,0,0,43316076,438,437,10011237628079685422,12960,bd9d01a0c917,2026-08-31T09:01:19Z,10000,3017,6983,,,,,,,,,,,,,,,,,
campaign_c,gen_n10000_rho0.3_near-ties_seed8.pcf,pac,1,0,42898507,438,437,10011237628079685422,12960,bd9d01a0c917,2026-08-31T09:01:19Z,10000,3017,6983,,,,,,,,,,,,,,,,,
campaign_c,gen_n10000_rho0.3_near-ties_seed9.pcf,pac,0,0,43032647,463,462,888263408202771267,12960,bd9d01a0c917,2026-08-31T09:01:19Z,10000,2984,7016,,,,,,,,,,,,,,,,,
campaign_c,gen_n10000_rho0.3_near-ties_seed9.pcf,pac,1,0,42808712,463,462,888263408202771267,12960,bd9d01a0c917,2026-08-31T09:01:19Z,10000,2984,7016,,,,,,,,,,,,,,,,,
campaign_c,gen_n10000_rho0.6_anti-correlated_seed0.pcf,pac,0,0,329183570,6737,6736,1490914478511497468,12960,bd9d01a0c917,2026-08-31T09:01:20Z,10000,6114,3886,,,,,,,,,,,,,,,,,
campaign_c,gen_n10000_rho0.6_anti-correlated_seed0.pcf,pac,1,0,331867547,6737,6736,1490914478511497468,12960,bd9d01a0c917,2026-08-31T09:01:20Z,10000,6114,3886,,,,,,,,,,,,,,,,,
campaign_c,gen_n10000_rho0.6_anti-correlated_seed1.pcf,pac,0,0,326085085,6808,6807,7868174284718325523,13120,bd9d01a0c917,2026-08-31T09:01:20Z,10000,5998,4002,,,,,,,,,,,,,,,,,
campaign_c,gen_n10000_rho0.6_anti-correlated_seed1.pcf,pac,1,0,323443031,6808,6807,7868174284718325523,13120,bd9d01a0c917,2026-08-31T09:01:21Z,10000,5998,4002,,,,,,,,,,,,,,,,,
campaign_c,gen_n10000_rho0.6_anti-correlated_seed2.pcf,pac,0,0,322144727,6816,6815,2738522832630958887,13120,bd9d01a0c917,2026-08-31T09:01:21Z,10000,5969,4031,,,,,,,,,,,,,,,,,
campaign_c,gen_n10000_rho0.6_anti-correlated_seed2.pcf,pac,1,0,321838664,6816,6815,2738522832630958887,13120,bd9d01a0c917,2026-08-31T09:01:21Z,10000,5969,4031,,,,,,,,,,,,,,,,,
campaign_c,gen_n10000_rho0.6_anti-correlated_seed3.pcf,pac,0,0,329764129,6838,6837,3469940820038494208,13120,bd9d01a0c917,2026-08-31T09:01:22Z,10000,6032,3968,,,,,,,,,,,,,,,,,
campaign_c,gen_n10000_rho0.6_anti-correlated_seed3.pcf,pac,1,0,327309006,6838,6837,3469940820038494208,13120,bd9d01a0c917,2026-08-31T09:01:22Z,10000,6032,3968,,,,,,,,,,,,,,,,,
campaign_c,gen_n10000_rho0.6_anti-correlated_seed4.pcf,pac,0,0,322467784,6774,6773,6666169989301449708,13120,bd9d01a0c917,2026-08-31T09:01:22Z,10000,6025,3975,,,,,,,,,,,,,,,,,
campaign_c,gen_n10000_rho0.6_anti-correlated_seed4.pcf,pac,1,0,337549919,6774,6773,6666169989301449708,13120,bd9d01a0c917,2026-08-31T09:01:23Z,10000,6025,3975,,,,,,,,,,,,,,,,,
campaign_c,gen_n10000_rho0.6_anti-correlated_seed5.pcf,pac,0,0,329832520,6820,6819,13793456375071885278,13120,bd9d01a0c917,2026-08-31T09:01:23Z,10000,5998,4002,,,,,,,,,,,,,,,,,
campaign_c,gen_n10000_rho0.6_anti-correlated_seed5.pcf,pac,1,0,325460830,6820,6819,13793456375071885278,13120,bd9d01a0c917,2026-08-31T09:01:23Z,10000,5998,4002,,,,,,,,,,,,,,,,,
campaign_c,gen_n10000_rho0.6_anti-correlated_seed6.pcf,pac,0,0,330154217,6840,6839,12351069747129061178,13120,bd9d01a0c917,2026-08-31T09:01:24Z,10000,6032,3968,,,,,,,,,,,,,,,,,
campaign_c,gen_n10000_rho0.6_anti-correlated_seed6.pcf,pac,1,0,329743591,6840,6839,12351069747129061178,13120,bd9d01a0c917,2026-08-31T09:01:24Z,10000,6032,3968,,,,,,,,,,,,,,,,,
campaign_c,gen_n10000_rho0.6_anti-correlated_seed7.pcf,pac,0,0,325965273,6845,6844,17868358261624014152,13120,bd9d01a0c917,2026-08-31T09:01:24Z,10000,5979,4021,,,,,,,,,,,,,,,,,
campaign_c,gen_n10000_rho0.6_anti-correlated_seed7.pcf,pac,1,0,326898754,6845,6844,17868358261624014152,13120,bd9d01a0c917,2026-08-31T09:01:25Z,10000,5979,4021,,,,,,,,,,,,,,,,,
campaign_c,gen_n10000_rho0.6_anti-correlated_seed8.pcf,pac,0,0,329869787,6861,6860,9843223879120413577,13120,bd9d01a0c917,2026-08-31T09:01:25Z,10000,6032,3968,,,,,,,,,,,,,,,,,
campaign_c,gen_n10000_rho0.6_anti-correlated_seed8.pcf,pac,1,0,330032233,6861,6860,9843223879120413577,13120,bd9d01a0c917,2026-08-31T09:01:25Z,10000,6032,3968,,,,,,,,,,,,,,,,,
campaign_c,gen_n10000_rho0.6_anti-correlated_seed9.pcf,pac,0,0,332217592,6799,6798,7789479381967885997,13120,bd9d01a0c917,2026-08-31T09:01:26Z,10000,6063,3937,,,,,,,,,,,,,,,,,
campaign_c,gen_n10000_rho0.6_anti-correlated_seed9.pcf,pac,1,0,332652202,6799,6798,7789479381967885997,13120,bd9d01a0c917,2026-08-31T09:01:26Z,10000,6063,3937,,,,,,,,,,,,,,,,,
campaign_c,gen_n10000_rho0.6_correlated_seed0.pcf,pac,0,0,314375458,6256,6255,16007016945803314990,13120,bd9d01a0c917,2026-08-31T09:01:26Z,10000,6114,3886,,,,,,,,,,,,,,,,,
campaign_c,gen_n10000_rho0.6_correlated_seed0.pcf,pac,1,0,311158437,6256,6255,16007016945803314990,13120,bd9d01a0c917,2026-08-31T09:01:27Z,10000,6114,3886,,,,,,,,,,,,,,,,,
campaign_c,gen_n10000_rho0.6_correlated_seed1.pcf,pac,0,0,310573818,6273,6272,2087595173865963089,13120,bd9d01a0c917,2026-08-31T09:01:27Z,10000,5998,4002,,,,,,,,,,,,,,,,,
campaign_c,gen_n10000_rho0.6_correlated_seed1.pcf,pac,1,0,310490541,6273,6272,2087595173865963089,13120,bd9d01a0c917,2026-08-31T09:01:27Z,10000,5998,4002,,,,,,,,,,,,,,,,,
campaign_c,gen_n10000_rho0.6_correlated_seed2.pcf,pac,0,0,305991006,6292,6291,9340709531345380109,13120,bd9d01a0c917,2026-08-31T09:01:28Z,10000,5969,4031,,,,,,,,,,,,,,,,,
campaign_c,gen_n10000_rho0.6_correlated_seed2.pcf,pac,1,0,307787408,6292,6291,9340709531345380109,13120,bd9d01a0c917,2026-08-31T09:01:28Z,10000,5969,4031,,,,,,,,,,,,,,,,,
campaign_c,gen_n10000_rho0.6_correlated_seed3.pcf,pac,0,0,309183973,6280,6279,14192706731271065673,13120,bd9d01a0c917,2026-08-31T09:01:28Z,10000,6032,3968,,,,,,,,,,,,,,,,,
campaign_c,gen_n10000_rho0.6_correlated_seed3.pcf,pac,1,0,307992610,6280,6279,14192706731271065673,13120,bd9d01a0c917,2026-08-31T09:01:29Z,10000,6032,3968,,,,,,,,,,,,,,,,,
campaign_c,gen_n10000_rho0.6_correlated_seed4.pcf,pac,0,0,305337189,6247,6246,9951081260378801017,13120,bd9d01a0c917,2026-08-31T09:01:29Z,10000,6025,3975,,,,,,,,,,,,,,,,,
campaign_c,gen_n10000_rho0.6_correlated_seed4.pcf,pac,1,0,306807122,6247,6246,9951081260378801017,13120,bd9d01a0c917,2026-08-31T09:01:29Z,10000,6025,3975,,,,,,,,,,,,,,,,,
campaign_c,gen_n10000_rho0.6_correlated_seed5.pcf,pac,0,0,309204270,6328,6327,5489005777425107547,13120,bd9d01a0c917,2026-08-31T09:01:29Z,10000,5998,4002,,,,,,,,,,,,,,,,,
campaign_c,gen_n10000_rho0.6_correlated_seed5.pcf,pac,1,0,313095067,6328,6327,5489005777425107547,13120,bd9d01a0c917,2026-08-31T09:01:30Z,10000,5998,4002,,,,,,,,,,,,,,,,,
campaign_c,gen_n10000_rho0.6_correlated_seed6.pcf,pac,0,0,313189164,6262,6261,6966359466728817567,13120,bd9d01a0c917,2026-08-31T09:01:30Z,10000,6032,3968,,,,,,,,,,,,,,,,,
campaign_c,gen_n10000_rho0.6_correlated_seed6.pcf,pac,1,0,311944841,6262,6261,6966359466728817567,13120,bd9d01a0c917,2026-08-31T09:01:30Z,10000,6032,3968,,,,,,,,,,,,,,,,,
campaign_c,gen_n10000_rho0.6_correlated_seed7.pcf,pac,0,0,304168680,6294,6293,15961687085821821437,13120,bd9d01a0c917,2026-08-31T09:01:31Z,10000,5979,4021,,,,,,,,,,,,,,,,,
campaign_c,gen_n10000_rho0.6_correlated_seed7.pcf,pac,1,0,304845440,6294,6293,15961687085821821437,13120,bd9d01a0c917,2026-08-31T09:01:31Z,10000,5979,4021,,,,,,,,,,,,,,,,,
campaign_c,gen_n10000_rho0.6_correlated_seed8.pcf,pac,0,0,313222819,6308,6307,982812517326245093,13120,bd9d01a0c917,2026-08-31T09:01:31Z,10000,6032,3968,,,,,,,,,,,,,,,,,
campaign_c,gen_n10000_rho0.6_correlated_seed8.pcf,pac,1,0,312034895,6308,6307,982812517326245093,13120,bd9d01a0c917,2026-08-31T09:01:32Z,10000,6032,3968,,,,,,,,,,,,,,,,,
campaign_c,gen_n10000_rho0.6_correlated_seed9.pcf,pac,0,0,313146618,6310,6309,14130348074372874884,13120,bd9d01a0c917,2026-08-31T09:01:32Z,10000,6063,3937,,,,,,,,,,,,,,,,,
campaign_c,gen_n10000_rho0.6_correlated_seed9.pcf,pac,1,0,311966149,6310,6309,14130348074372874884,13120,bd9d01a0c917,2026-08-31T09:01:32Z,10000,6063,3937,,,,,,,,,,,,,,,,,
campaign_c,gen_n10000_rho0.6_exact-ties_seed0.pcf,pac,0,0,163473080,1723,1722,14227295258525648864,13120,bd9d01a0c917,2026-08-31T09:01:32Z,10000,6020,3980,,,,,,,,,,,,,,,,,
campaign_c,gen_n10000_rho0.6_exact-ties_seed0.pcf,pac,1,0,162741515,1723,1722,14227295258525648864,13120,bd9d01a0c917,2026-08-31T09:01:33Z,10000,6020,3980,,,,,,,,,,,,,,,,,
campaign_c,gen_n10000_rho0.6_exact-ties_seed1.pcf,pac,0,0,164192367,1729,1728,12348676020274729534,13120,bd9d01a0c917,2026-08-31T09:01:33Z,10000,6064,3936,,,,,,,,,,,,,,,,,
campaign_c,gen_n10000_rho0.6_exact-ties_seed1.pcf,pac,1,0,164479068,1729,1728,12348676020274729534,13120,bd9d01a0c917,2026-08-31T09:01:33Z,10000,6064,3936,,,,,,,,,,,,,,,,,
campaign_c,gen_n10000_rho0.6_exact-ties_seed2.pcf,pac,0,0,167255822,1781,1780,10302984089325611224,13120,bd9d01a0c917,2026-08-31T09:01:33Z,10000,6048,3952,,,,,,,,,,,,,,,,,
campaign_c,gen_n10000_rho0.6_exact-ties_seed2.pcf,pac,1,0,167271818,1781,1780,10302984089325611224,13120,bd9d01a0c917,2026-08-31T09:01:33Z,10000,6048,3952,,,,,,,,,,,,,,,,,
campaign_c,gen_n10000_rho0.6_exact-ties_seed3.pcf,pac,0,0,162373273,1708,1707,3189804408532662749,13280,bd9d01a0c917,2026-08-31T09:01:33Z,10000,6074,3926,,,,,,,,,,,,,,,,,
campaign_c,gen_n10000_rho0.6_exact-ties_seed3.pcf,pac,1,0,162532061,1708,1707,3189804408532662749,13280,bd9d01a0c917,2026-08-31T09:01:34Z,10000,6074,3926,,,,,,,,,,,,,,,,,
campaign_c,gen_n10000_rho0.6_exact-ties_seed4.pcf,pac,0,0,166303854,1711,1710,17602718389181372426,13280,bd9d01a0c917,2026-08-31T09:01:34Z,10000,6088,3912,,,,,,,,,,,,,,,,,
campaign_c,gen_n10000_rho0.6_exact-ties_seed4.pcf,pac,1,0,166215490,1711,1710,17602718389181372426,13280,bd9d01a0c917,2026-08-31T09:01:34Z,10000,6088,3912,,,,,,,,,,,,,,,,,
campaign_c,gen_n10000_rho0.6_exact-ties_seed5.pcf,pac,0,0,162272774,1756,1755,15383707413211672877,13280,bd9d01a0c917,2026-08-31T09:01:34Z,10000,5949,4051,,,,,,,,,,,,,,,,,
campaign_c,gen_n10000_rho0.6_exact-ties_seed5.pcf,pac,1,0,163497409,1756,1755,15383707413211672877,13280,bd9d01a0c917,2026-08-31T09:01:34Z,10000,5949,4051,,,,,,,,,,,,,,,,,
campaign_c,gen_n10000_rho0.6_exact-ties_seed6.pcf,pac,0,0,162958858,1728,1727,7146395901661927989,13280,bd9d01a0c917,2026-08-31T09:01:34Z,10000,5938,4062,,,,,,,,,,,,,,,,,
campaign_c,gen_n10000_rho0.6_exact-ties_seed6.pcf,pac,1,0,162219521,1728,1727,7146395901661927989,13280,bd9d01a0c917,2026-08-31T09:01:35Z,10000,5938,4062,,,,,,,,,,,,,,,,,
campaign_c,gen_n10000_rho0.6_exact-ties_seed7.pcf,pac,0,0,163670662,1726,1725,6814686330896217854,13280,bd9d01a0c917,2026-08-31T09:01:35Z,10000,5988,4012,,,,,,,,,,,,,,,,,
campaign_c,gen_n10000_rho0.6_exact-ties_seed7.pcf,pac,1,0,163473871,1726,1725,6814686330896217854,13280,bd9d01a0c917,2026-08-31T09:01:35Z,10000,5988,4012,,,,,,,,,,,,,,,,,
campaign_c,gen_n10000_rho0.6_exact-ties_seed8.pcf,pac,0,0,166860775,1760,1759,11277216617593419914,13280,bd9d01a0c917,2026-08-31T09:01:35Z,10000,6091,3909,,,,,,,,,,,,,,,,,
campaign_c,gen_n10000_rho0.6_exact-ties_seed8.pcf,pac,1,0,165752045,1760,1759,11277216617593419914,13280,bd9d01a0c917,2026-08-31T09:01:35Z,10000,6091,3909,,,,,,,,,,,,,,,,,
campaign_c,gen_n10000_rho0.6_exact-ties_seed9.pcf,pac,0,0,166016126,1717,1716,7273970936071548523,13280,bd9d01a0c917,2026-08-31T09:01:35Z,10000,6099,3901,,,,,,,,,,,,,,,,,
campaign_c,gen_n10000_rho0.6_exact-ties_seed9.pcf,pac,1,0,165840412,1717,1716,7273970936071548523,13280,bd9d01a0c917,2026-08-31T09:01:36Z,10000,6099,3901,,,,,,,,,,,,,,,,,
campaign_c,gen_n10000_rho0.6_independent-positive_seed0.pcf,pac,0,0,328189314,6899,6898,18224979103311882818,13280,bd9d01a0c917,2026-08-31T09:01:36Z,10000,6044,3956,,,,,,,,,,,,,,,,,
campaign_c,gen_n10000_rho0.6_independent-positive_seed0.pcf,pac,1,0,327417538,6899,6898,18224979103311882818,13280,bd9d01a0c917,2026-08-31T09:01:36Z,10000,6044,3956,,,,,,,,,,,,,,,,,
campaign_c,gen_n10000_rho0.6_independent-positive_seed1.pcf,pac,0,0,331580214,6851,6850,5705046505548047703,13280,bd9d01a0c917,2026-08-31T09:01:37Z,10000,6047,3953,,,,,,,,,,,,,,,,,
campaign_c,gen_n10000_rho0.6_independent-positive_seed1.pcf,pac,1,0,328839315,6851,6850,5705046505548047703,13280,bd9d01a0c917,2026-08-31T09:01:37Z,10000,6047,3953,,,,,,,,,,,,,,,,,
campaign_c,gen_n10000_rho0.6_independent-positive_seed2.pcf,pac,0,0,327955951,6883,6882,10400795189380804943,13280,bd9d01a0c917,2026-08-31T09:01:37Z,10000,5974,4026,,,,,,,,,,,,,,,,,
campaign_c,gen_n10000_rho0.6_independent-positive_seed2.pcf,pac,1,0,327241107,6883,6882,10400795189380804943,13280,bd9d01a0c917,2026-08-31T09:01:38Z,10000,5974,4026,,,,,,,,,,,,,,,,,
campaign_c,gen_n10000_rho0.6_independent-positive_seed3.pcf,pac,0,0,325722600,6847,6846,12823953421963227830,13280,bd9d01a0c917,2026-08-31T09:01:38Z,10000,6033,3967,,,,,,,,,,,,,,,,,
campaign_c,gen_n10000_rho0.6_independent-positive_seed3.pcf,pac,1,0,325317893,6847,6846,12823953421963227830,13280,bd9d01a0c917,2026-08-31T09:01:38Z,10000,6033,3967,,,,,,,,,,,,,,,,,
campaign_c,gen_n10000_rho0.6_independent-positive_seed4.pcf,pac,0,0,327043033,6858,6857,18225305322187577039,13280,bd9d01a0c917,2026-08-31T09:01:39Z,10000,6060,3940,,,,,,,,,,,,,,,,,
campaign_c,gen_n10000_rho0.6_independent-positive_seed4.pcf,pac,1,0,327001291,6858,6857,18225305322187577039,13280,bd9d01a0c917,2026-08-31T09:01:39Z,10000,6060,3940,,,,,,,,,,,,,,,,,
campaign_c,gen_n10000_rho0.6_independent-positive_seed5.pcf,pac,0,0,329775868,6863,6862,5830852312615412516,13280,bd9d01a0c917,2026-08-31T09:01:39Z,10000,5962,4038,,,,,,,,,,,,,,,,,
campaign_c,gen_n10000_rho0.6_independent-positive_seed5.pcf,pac,1,0,330293872,6863,6862,5830852312615412516,13280,bd9d01a0c917,2026-08-31T09:01:40Z,10000,5962,4038,,,,,,,,,,,,,,,,,
campaign_c,gen_n10000_rho0.6_independent-positive_seed6.pcf,pac,0,0,327184186,6882,6881,650072934820785312,13280,bd9d01a0c917,2026-08-31T09:01:40Z,10000,5948,4052,,,,,,,,,,,,,,,,,
campaign_c,gen_n10000_rho0.6_independent-positive_seed6.pcf,pac,1,0,324600581,6882,6881,650072934820785312,13280,bd9d01a0c917,2026-08-31T09:01:40Z,10000,5948,4052,,,,,,,,,,,,,,,,,
campaign_c,gen_n10000_rho0.6_independent-positive_seed7.pcf,pac,0,0,329263840,6884,6883,4681065262029247693,13280,bd9d01a0c917,2026-08-31T09:01:41Z,10000,5988,4012,,,,,,,,,,,,,,,,,
campaign_c,gen_n10000_rho0.6_independent-positive_seed7.pcf,pac,1,0,329106607,6884,6883,4681065262029247693,13280,bd9d01a0c917,2026-08-31T09:01:41Z,10000,5988,4012,,,,,,,,,,,,,,,,,
campaign_c,gen_n10000_rho0.6_independent-positive_seed8.pcf,pac,0,0,332046901,6851,6850,6672924017636296857,13280,bd9d01a0c917,2026-08-31T09:01:41Z,10000,6078,3922,,,,,,,,,,,,,,,,,
campaign_c,gen_n10000_rho0.6_independent-positive_seed8.pcf,pac,1,0,331004602,6851,6850,6672924017636296857,13280,bd9d01a0c917,2026-08-31T09:01:42Z,10000,6078,3922,,,,,,,,,,,,,,,,,
campaign_c,gen_n10000_rho0.6_independent-positive_seed9.pcf,pac,0,0,334196987,6864,6863,560620561310684267,13280,bd9d01a0c917,2026-08-31T09:01:42Z,10000,6111,3889,,,,,,,,,,,,,,,,,
campaign_c,gen_n10000_rho0.6_independent-positive_seed9.pcf,pac,1,0,332876536,6864,6863,560620561310684267,13280,bd9d01a0c917,2026-08-31T09:01:42Z,10000,6111,3889,,,,,,,,,,,,,,,,,
campaign_c,gen_n10000_rho0.6_independent-signed_seed0.pcf,pac,0,0,331970728,6926,6925,16558950003243182838,13280,bd9d01a0c917,2026-08-31T09:01:43Z,10000,6044,3956,,,,,,,,,,,,,,,,,
campaign_c,gen_n10000_rho0.6_independent-signed_seed0.pcf,pac,1,0,331844273,6926,6925,16558950003243182838,13280,bd9d01a0c917,2026-08-31T09:01:43Z,10000,6044,3956,,,,,,,,,,,,,,,,,
campaign_c,gen_n10000_rho0.6_independent-signed_seed1.pcf,pac,0,0,329872789,6913,6912,6703632990168914983,13280,bd9d01a0c917,2026-08-31T09:01:43Z,10000,6048,3952,,,,,,,,,,,,,,,,,
campaign_c,gen_n10000_rho0.6_independent-signed_seed1.pcf,pac,1,0,331664128,6913,6912,6703632990168914983,13280,bd9d01a0c917,2026-08-31T09:01:44Z,10000,6048,3952,,,,,,,,,,,,,,,,,
campaign_c,gen_n10000_rho0.6_independent-signed_seed2.pcf,pac,0,0,333323437,6862,6861,17233852235208319658,13280,bd9d01a0c917,2026-08-31T09:01:44Z,10000,5976,4024,,,,,,,,,,,,,,,,,
campaign_c,gen_n10000_rho0.6_independent-signed_seed2.pcf,pac,1,0,332229013,6862,6861,17233852235208319658,13280,bd9d01a0c917,2026-08-31T09:01:44Z,10000,5976,4024,,,,,,,,,,,,,,,,,
campaign_c,gen_n10000_rho0.6_independent-signed_seed3.pcf,pac,0,0,327320618,6910,6909,5420173928725161104,13280,bd9d01a0c917,2026-08-31T09:01:45Z,10000,6034,3966,,,,,,,,,,,,,,,,,
campaign_c,gen_n10000_rho0.6_independent-signed_seed3.pcf,pac,1,0,327787702,6910,6909,5420173928725161104,13280,bd9d01a0c917,2026-08-31T09:01:45Z,10000,6034,3966,,,,,,,,,,,,,,,,,
campaign_c,gen_n10000_rho0.6_independent-signed_seed4.pcf,pac,0,0,328975354,6867,6866,7011976308872140224,13280,bd9d01a0c917,2026-08-31T09:01:45Z,10000,6062,3938,,,,,,,,,,,,,,,,,
campaign_c,gen_n10000_rho0.6_independent-signed_seed4.pcf,pac,1,0,343634935,6867,6866,7011976308872140224,13280,bd9d01a0c917,2026-08-31T09:01:46Z,10000,6062,3938,,,,,,,,,,,,,,,,,
campaign_c,gen_n10000_rho0.6_independent-signed_seed5.pcf,pac,0,0,330933965,6955,6954,2988694163553420633,13280,bd9d01a0c917,2026-08-31T09:01:46Z,10000,5963,4037,,,,,,,,,,,,,,,,,
campaign_c,gen_n10000_rho0.6_independent-signed_seed5.pcf,pac,1,0,330516783,6955,6954,2988694163553420633,13280,bd9d01a0c917,2026-08-31T09:01:46Z,10000,5963,4037,,,,,,,,,,,,,,,,,
campaign_c,gen_n10000_rho0.6_independent-signed_seed6.pcf,pac,0,0,326656475,7064,7063,9648610004045008593,13280,bd9d01a0c917,2026-08-31T09:01:47Z,10000,5934,4066,,,,,,,,,,,,,,,,,
campaign_c,gen_n10000_rho0.6_independent-signed_seed6.pcf,pac,1,0,328973381,7064,7063,9648610004045008593,13280,bd9d01a0c917,2026-08-31T09:01:47Z,10000,5934,4066,,,,,,,,,,,,,,,,,
campaign_c,gen_n10000_rho0.6_independent-signed_seed7.pcf,pac,0,0,329652165,6921,6920,16579536145793348138,13280,bd9d01a0c917,2026-08-31T09:01:47Z,10000,5988,4012,,,,,,,,,,,,,,,,,
campaign_c,gen_n10000_rho0.6_independent-signed_seed7.pcf,pac,1,0,328891748,6921,6920,16579536145793348138,13280,bd9d01a0c917,2026-08-31T09:01:48Z,10000,5988,4012,,,,,,,,,,,,,,,,,
campaign_c,gen_n10000_rho0.6_independent-signed_seed8.pcf,pac,0,0,330847912,6883,6882,10469729617186225014,13440,bd9d01a0c917,2026-08-31T09:01:48Z,10000,6078,3922,,,,,,,,,,,,,,,,,
campaign_c,gen_n10000_rho0.6_independent-signed_seed8.pcf,pac,1,0,332131541,6883,6882,10469729617186225014,13440,bd9d01a0c917,2026-08-31T09:01:48Z,10000,6078,3922,,,,,,,,,,,,,,,,,
campaign_c,gen_n10000_rho0.6_independent-signed_seed9.pcf,pac,0,0,331121899,6875,6874,15165899931404601142,13440,bd9d01a0c917,2026-08-31T09:01:49Z,10000,6113,3887,,,,,,,,,,,,,,,,,
campaign_c,gen_n10000_rho0.6_independent-signed_seed9.pcf,pac,1,0,330587954,6875,6874,15165899931404601142,13440,bd9d01a0c917,2026-08-31T09:01:49Z,10000,6113,3887,,,,,,,,,,,,,,,,,
campaign_c,gen_n10000_rho0.6_near-ties_seed0.pcf,pac,0,0,130478568,622,621,12494142231061312201,13440,bd9d01a0c917,2026-08-31T09:01:49Z,10000,6087,3913,,,,,,,,,,,,,,,,,
campaign_c,gen_n10000_rho0.6_near-ties_seed0.pcf,pac,1,0,130529320,622,621,12494142231061312201,13440,bd9d01a0c917,2026-08-31T09:01:49Z,10000,6087,3913,,,,,,,,,,,,,,,,,
campaign_c,gen_n10000_rho0.6_near-ties_seed1.pcf,pac,0,0,128284377,604,603,10834398331347290913,13440,bd9d01a0c917,2026-08-31T09:01:49Z,10000,6032,3968,,,,,,,,,,,,,,,,,
campaign_c,gen_n10000_rho0.6_near-ties_seed1.pcf,pac,1,0,129142224,604,603,10834398331347290913,13440,bd9d01a0c917,2026-08-31T09:01:49Z,10000,6032,3968,,,,,,,,,,,,,,,,,
campaign_c,gen_n10000_rho0.6_near-ties_seed2.pcf,pac,0,0,130319244,626,625,14382686539351008723,13440,bd9d01a0c917,2026-08-31T09:01:50Z,10000,6026,3974,,,,,,,,,,,,,,,,,
campaign_c,gen_n10000_rho0.6_near-ties_seed2.pcf,pac,1,0,128916681,626,625,14382686539351008723,13440,bd9d01a0c917,2026-08-31T09:01:50Z,10000,6026,3974,,,,,,,,,,,,,,,,,
campaign_c,gen_n10000_rho0.6_near-ties_seed3.pcf,pac,0,0,131957213,621,620,3427236902402155474,13440,bd9d01a0c917,2026-08-31T09:01:50Z,10000,6052,3948,,,,,,,,,,,,,,,,,
campaign_c,gen_n10000_rho0.6_near-ties_seed3.pcf,pac,1,0,131741760,621,620,3427236902402155474,13440,bd9d01a0c917,2026-08-31T09:01:50Z,10000,6052,3948,,,,,,,,,,,,,,,,,
campaign_c,gen_n10000_rho0.6_near-ties_seed4.pcf,pac,0,0,130460591,622,621,16304649938363940537,13440,bd9d01a0c917,2026-08-31T09:01:50Z,10000,6034,3966,,,,,,,,,,,,,,,,,
campaign_c,gen_n10000_rho0.6_near-ties_seed4.pcf,pac,1,0,131400942,622,621,16304649938363940537,13440,bd9d01a0c917,2026-08-31T09:01:50Z,10000,6034,3966,,,,,,,,,,,,,,,,,
campaign_c,gen_n10000_rho0.6_near-ties_seed5.pcf,pac,0,0,132435962,611,610,5888991283382766070,13440,bd9d01a0c917,2026-08-31T09:01:50Z,10000,5956,4044,,,,,,,,,,,,,,,,,
campaign_c,gen_n10000_rho0.6_near-ties_seed5.pcf,pac,1,0,130967422,611,610,5888991283382766070,13440,bd9d01a0c917,2026-08-31T09:01:51Z,10000,5956,4044,,,,,,,,,,,,,,,,,
campaign_c,gen_n10000_rho0.6_near-ties_seed6.pcf,pac,0,0,125652991,569,568,16267196436980608559,13440,bd9d01a0c917,2026-08-31T09:01:51Z,10000,5991,4009,,,,,,,,,,,,,,,,,
campaign_c,gen_n10000_rho0.6_near-ties_seed6.pcf,pac,1,0,127127194,569,568,16267196436980608559,13440,bd9d01a0c917,2026-08-31T09:01:51Z,10000,5991,4009,,,,,,,,,,,,,,,,,
campaign_c,gen_n10000_rho0.6_near-ties_seed7.pcf,pac,0,0,129309288,601,600,388268829303802598,13440,bd9d01a0c917,2026-08-31T09:01:51Z,10000,6013,3987,,,,,,,,,,,,,,,,,
campaign_c,gen_n10000_rho0.6_near-ties_seed7.pcf,pac,1,0,129285802,601,600,388268829303802598,13440,bd9d01a0c917,2026-08-31T09:01:51Z,10000,6013,3987,,,,,,,,,,,,,,,,,
campaign_c,gen_n10000_rho0.6_near-ties_seed8.pcf,pac,0,0,125605766,613,612,9328148255997345698,13440,bd9d01a0c917,2026-08-31T09:01:51Z,10000,5974,4026,,,,,,,,,,,,,,,,,
campaign_c,gen_n10000_rho0.6_near-ties_seed8.pcf,pac,1,0,126148414,613,612,9328148255997345698,13440,bd9d01a0c917,2026-08-31T09:01:51Z,10000,5974,4026,,,,,,,,,,,,,,,,,
campaign_c,gen_n10000_rho0.6_near-ties_seed9.pcf,pac,0,0,128990589,610,609,3416564590661003206,13440,bd9d01a0c917,2026-08-31T09:01:51Z,10000,6039,3961,,,,,,,,,,,,,,,,,
campaign_c,gen_n10000_rho0.6_near-ties_seed9.pcf,pac,1,0,128070737,610,609,3416564590661003206,13440,bd9d01a0c917,2026-08-31T09:01:52Z,10000,6039,3961,,,,,,,,,,,,,,,,,
campaign_c,gen_n10000_rho0.9_anti-correlated_seed0.pcf,pac,0,0,416189579,5347,5346,14699044743780693576,13440,bd9d01a0c917,2026-08-31T09:01:52Z,10000,9017,983,,,,,,,,,,,,,,,,,
campaign_c,gen_n10000_rho0.9_anti-correlated_seed0.pcf,pac,1,0,410372934,5347,5346,14699044743780693576,13440,bd9d01a0c917,2026-08-31T09:01:52Z,10000,9017,983,,,,,,,,,,,,,,,,,
campaign_c,gen_n10000_rho0.9_anti-correlated_seed1.pcf,pac,0,0,409943464,5522,5521,11367714676572774305,13440,bd9d01a0c917,2026-08-31T09:01:53Z,10000,8892,1108,,,,,,,,,,,,,,,,,
campaign_c,gen_n10000_rho0.9_anti-correlated_seed1.pcf,pac,1,0,409019855,5522,5521,11367714676572774305,13440,bd9d01a0c917,2026-08-31T09:01:53Z,10000,8892,1108,,,,,,,,,,,,,,,,,
campaign_c,gen_n10000_rho0.9_anti-correlated_seed2.pcf,pac,0,0,413571541,5365,5364,11950501932896886167,13440,bd9d01a0c917,2026-08-31T09:01:54Z,10000,9013,987,,,,,,,,,,,,,,,,,
campaign_c,gen_n10000_rho0.9_anti-correlated_seed2.pcf,pac,1,0,414992486,5365,5364,11950501932896886167,13440,bd9d01a0c917,2026-08-31T09:01:54Z,10000,9013,987,,,,,,,,,,,,,,,,,
campaign_c,gen_n10000_rho0.9_anti-correlated_seed3.pcf,pac,0,0,413775533,5412,5411,13848456776936219611,13440,bd9d01a0c917,2026-08-31T09:01:54Z,10000,8979,1021,,,,,,,,,,,,,,,,,
campaign_c,gen_n10000_rho0.9_anti-correlated_seed3.pcf,pac,1,0,413548450,5412,5411,13848456776936219611,13440,bd9d01a0c917,2026-08-31T09:01:55Z,10000,8979,1021,,,,,,,,,,,,,,,,,
campaign_c,gen_n10000_rho0.9_anti-correlated_seed4.pcf,pac,0,0,412447196,5369,5368,3460182553637732936,13440,bd9d01a0c917,2026-08-31T09:01:55Z,10000,8978,1022,,,,,,,,,,,,,,,,,
campaign_c,gen_n10000_rho0.9_anti-correlated_seed4.pcf,pac,1,0,409993806,5369,5368,3460182553637732936,13440,bd9d01a0c917,2026-08-31T09:01:56Z,10000,8978,1022,,,,,,,,,,,,,,,,,
campaign_c,gen_n10000_rho0.9_anti-correlated_seed5.pcf,pac,0,0,416297466,5384,5383,16762622965368760305,13440,bd9d01a0c917,2026-08-31T09:01:56Z,10000,8994,1006,,,,,,,,,,,,,,,,,
campaign_c,gen_n10000_rho0.9_anti-correlated_seed5.pcf,pac,1,0,417016089,5384,5383,16762622965368760305,13440,bd9d01a0c917,2026-08-31T09:01:57Z,10000,8994,1006,,,,,,,,,,,,,,,,,
campaign_c,gen_n10000_rho0.9_anti-correlated_seed6.pcf,pac,0,0,414972630,5387,5386,2835327919783955670,13440,bd9d01a0c917,2026-08-31T09:01:57Z,10000,8986,1014,,,,,,,,,,,,,,,,,
campaign_c,gen_n10000_rho0.9_anti-correlated_seed6.pcf,pac,1,0,415625814,5387,5386,2835327919783955670,13440,bd9d01a0c917,2026-08-31T09:01:57Z,10000,8986,1014,,,,,,,,,,,,,,,,,
campaign_c,gen_n10000_rho0.9_anti-correlated_seed7.pcf,pac,0,0,416320003,5422,5421,8304908920124183474,13440,bd9d01a0c917,2026-08-31T09:01:58Z,10000,9039,961,,,,,,,,,,,,,,,,,
campaign_c,gen_n10000_rho0.9_anti-correlated_seed7.pcf,pac,1,0,416111672,5422,5421,8304908920124183474,13440,bd9d01a0c917,2026-08-31T09:01:58Z,10000,9039,961,,,,,,,,,,,,,,,,,
campaign_c,gen_n10000_rho0.9_anti-correlated_seed8.pcf,pac,0,0,418967190,5439,5438,4199718931282121065,13440,bd9d01a0c917,2026-08-31T09:01:59Z,10000,8956,1044,,,,,,,,,,,,,,,,,
campaign_c,gen_n10000_rho0.9_anti-correlated_seed8.pcf,pac,1,0,414015024,5439,5438,4199718931282121065,13440,bd9d01a0c917,2026-08-31T09:01:59Z,10000,8956,1044,,,,,,,,,,,,,,,,,
campaign_c,gen_n10000_rho0.9_anti-correlated_seed9.pcf,pac,0,0,413694715,5426,5425,13610326638708061252,13440,bd9d01a0c917,2026-08-31T09:01:59Z,10000,9009,991,,,,,,,,,,,,,,,,,
campaign_c,gen_n10000_rho0.9_anti-correlated_seed9.pcf,pac,1,0,417882550,5426,5425,13610326638708061252,13440,bd9d01a0c917,2026-08-31T09:02:00Z,10000,9009,991,,,,,,,,,,,,,,,,,
campaign_c,gen_n10000_rho0.9_correlated_seed0.pcf,pac,0,0,402445138,5075,5074,15178785435622851281,13440,bd9d01a0c917,2026-08-31T09:02:00Z,10000,9017,983,,,,,,,,,,,,,,,,,
campaign_c,gen_n10000_rho0.9_correlated_seed0.pcf,pac,1,0,400126159,5075,5074,15178785435622851281,13440,bd9d01a0c917,2026-08-31T09:02:01Z,10000,9017,983,,,,,,,,,,,,,,,,,
campaign_c,gen_n10000_rho0.9_correlated_seed1.pcf,pac,0,0,394549786,5131,5130,818750918107779619,13440,bd9d01a0c917,2026-08-31T09:02:01Z,10000,8892,1108,,,,,,,,,,,,,,,,,
campaign_c,gen_n10000_rho0.9_correlated_seed1.pcf,pac,1,0,394174898,5131,5130,818750918107779619,13440,bd9d01a0c917,2026-08-31T09:02:02Z,10000,8892,1108,,,,,,,,,,,,,,,,,
campaign_c,gen_n10000_rho0.9_correlated_seed2.pcf,pac,0,0,401346608,5035,5034,13629577758379058725,13600,bd9d01a0c917,2026-08-31T09:02:02Z,10000,9013,987,,,,,,,,,,,,,,,,,
campaign_c,gen_n10000_rho0.9_correlated_seed2.pcf,pac,1,0,399498404,5035,5034,13629577758379058725,13600,bd9d01a0c917,2026-08-31T09:02:02Z,10000,9013,987,,,,,,,,,,,,,,,,,
campaign_c,gen_n10000_rho0.9_correlated_seed3.pcf,pac,0,0,401415246,5090,5089,5245893396988278718,13600,bd9d01a0c917,2026-08-31T09:02:03Z,10000,8979,1021,,,,,,,,,,,,,,,,,
campaign_c,gen_n10000_rho0.9_correlated_seed3.pcf,pac,1,0,400168219,5090,5089,5245893396988278718,13600,bd9d01a0c917,2026-08-31T09:02:03Z,10000,8979,1021,,,,,,,,,,,,,,,,,
campaign_c,gen_n10000_rho0.9_correlated_seed4.pcf,pac,0,0,401228182,5111,5110,10796070040335426232,13600,bd9d01a0c917,2026-08-31T09:02:04Z,10000,8978,1022,,,,,,,,,,,,,,,,,
campaign_c,gen_n10000_rho0.9_correlated_seed4.pcf,pac,1,0,401112687,5111,5110,10796070040335426232,13600,bd9d01a0c917,2026-08-31T09:02:04Z,10000,8978,1022,,,,,,,,,,,,,,,,,
campaign_c,gen_n10000_rho0.9_correlated_seed5.pcf,pac,0,0,403681940,5041,5040,6128502676776235459,13600,bd9d01a0c917,2026-08-31T09:02:04Z,10000,8994,1006,,,,,,,,,,,,,,,,,
campaign_c,gen_n10000_rho0.9_correlated_seed5.pcf,pac,1,0,405129248,5041,5040,6128502676776235459,13600,bd9d01a0c917,2026-08-31T09:02:05Z,10000,8994,1006,,,,,,,,,,,,,,,,,
campaign_c,gen_n10000_rho0.9_correlated_seed6.pcf,pac,0,0,401898320,5050,5049,1169209697258291358,13600,bd9d01a0c917,2026-08-31T09:02:05Z,10000,8986,1014,,,,,,,,,,,,,,,,,
campaign_c,gen_n10000_rho0.9_correlated_seed6.pcf,pac,1,0,406472288,5050,5049,1169209697258291358,13600,bd9d01a0c917,2026-08-31T09:02:06Z,10000,8986,1014,,,,,,,,,,,,,,,,,
campaign_c,gen_n10000_rho0.9_correlated_seed7.pcf,pac,0,0,401301141,5184,5183,2199443026673651670,13600,bd9d01a0c917,2026-08-31T09:02:06Z,10000,9039,961,,,,,,,,,,,,,,,,,
campaign_c,gen_n10000_rho0.9_correlated_seed7.pcf,pac,1,0,405478164,5184,5183,2199443026673651670,13600,bd9d01a0c917,2026-08-31T09:02:06Z,10000,9039,961,,,,,,,,,,,,,,,,,
campaign_c,gen_n10000_rho0.9_correlated_seed8.pcf,pac,0,0,405978912,5111,5110,3928496608023745794,13600,bd9d01a0c917,2026-08-31T09:02:07Z,10000,8956,1044,,,,,,,,,,,,,,,,,
campaign_c,gen_n10000_rho0.9_correlated_seed8.pcf,pac,1,0,404812072,5111,5110,3928496608023745794,13600,bd9d01a0c917,2026-08-31T09:02:07Z,10000,8956,1044,,,,,,,,,,,,,,,,,
campaign_c,gen_n10000_rho0.9_correlated_seed9.pcf,pac,0,0,402104254,4985,4984,609782915171078899,13600,bd9d01a0c917,2026-08-31T09:02:08Z,10000,9009,991,,,,,,,,,,,,,,,,,
campaign_c,gen_n10000_rho0.9_correlated_seed9.pcf,pac,1,0,399012738,4985,4984,609782915171078899,13600,bd9d01a0c917,2026-08-31T09:02:08Z,10000,9009,991,,,,,,,,,,,,,,,,,
campaign_c,gen_n10000_rho0.9_exact-ties_seed0.pcf,pac,0,0,275844112,1785,1784,2021188455596395916,13600,bd9d01a0c917,2026-08-31T09:02:08Z,10000,8981,1019,,,,,,,,,,,,,,,,,
campaign_c,gen_n10000_rho0.9_exact-ties_seed0.pcf,pac,1,0,276812488,1785,1784,2021188455596395916,13600,bd9d01a0c917,2026-08-31T09:02:09Z,10000,8981,1019,,,,,,,,,,,,,,,,,
campaign_c,gen_n10000_rho0.9_exact-ties_seed1.pcf,pac,0,0,275153582,1864,1863,7356890863119818293,13600,bd9d01a0c917,2026-08-31T09:02:09Z,10000,8971,1029,,,,,,,,,,,,,,,,,
campaign_c,gen_n10000_rho0.9_exact-ties_seed1.pcf,pac,1,0,275896257,1864,1863,7356890863119818293,13600,bd9d01a0c917,2026-08-31T09:02:09Z,10000,8971,1029,,,,,,,,,,,,,,,,,
campaign_c,gen_n10000_rho0.9_exact-ties_seed2.pcf,pac,0,0,275593207,1871,1870,3431050834021724159,13600,bd9d01a0c917,2026-08-31T09:02:09Z,10000,8971,1029,,,,,,,,,,,,,,,,,
campaign_c,gen_n10000_rho0.9_exact-ties_seed2.pcf,pac,1,0,274361880,1871,1870,3431050834021724159,13600,bd9d01a0c917,2026-08-31T09:02:10Z,10000,8971,1029,,,,,,,,,,,,,,,,,
campaign_c,gen_n10000_rho0.9_exact-ties_seed3.pcf,pac,0,0,275664858,1814,1813,5605153861834009123,13600,bd9d01a0c917,2026-08-31T09:02:10Z,10000,8994,1006,,,,,,,,,,,,,,,,,
campaign_c,gen_n10000_rho0.9_exact-ties_seed3.pcf,pac,1,0,275558720,1814,1813,5605153861834009123,13600,bd9d01a0c917,2026-08-31T09:02:10Z,10000,8994,1006,,,,,,,,,,,,,,,,,
campaign_c,gen_n10000_rho0.9_exact-ties_seed4.pcf,pac,0,0,277579576,1821,1820,10408900497123211097,13600,bd9d01a0c917,2026-08-31T09:02:11Z,10000,9025,975,,,,,,,,,,,,,,,,,
campaign_c,gen_n10000_rho0.9_exact-ties_seed4.pcf,pac,1,0,277115534,1821,1820,10408900497123211097,13600,bd9d01a0c917,2026-08-31T09:02:11Z,10000,9025,975,,,,,,,,,,,,,,,,,
campaign_c,gen_n10000_rho0.9_exact-ties_seed5.pcf,pac,0,0,292484580,1844,1843,3557623285087643370,13600,bd9d01a0c917,2026-08-31T09:02:11Z,10000,9020,980,,,,,,,,,,,,,,,,,
campaign_c,gen_n10000_rho0.9_exact-ties_seed5.pcf,pac,1,0,292122390,1844,1843,3557623285087643370,13600,bd9d01a0c917,2026-08-31T09:02:11Z,10000,9020,980,,,,,,,,,,,,,,,,,
campaign_c,gen_n10000_rho0.9_exact-ties_seed6.pcf,pac,0,0,294783987,1849,1848,3569771863896461687,13600,bd9d01a0c917,2026-08-31T09:02:12Z,10000,8994,1006,,,,,,,,,,,,,,,,,
campaign_c,gen_n10000_rho0.9_exact-ties_seed6.pcf,pac,1,0,283067881,1849,1848,3569771863896461687,13600,bd9d01a0c917,2026-08-31T09:02:12Z,10000,8994,1006,,,,,,,,,,,,,,,,,
campaign_c,gen_n10000_rho0.9_exact-ties_seed7.pcf,pac,0,0,274509175,1861,1860,12822483191969824764,13600,bd9d01a0c917,2026-08-31T09:02:12Z,10000,8968,1032,,,,,,,,,,,,,,,,,
campaign_c,gen_n10000_rho0.9_exact-ties_seed7.pcf,pac,1,0,273737013,1861,1860,12822483191969824764,13600,bd9d01a0c917,2026-08-31T09:02:13Z,10000,8968,1032,,,,,,,,,,,,,,,,,
campaign_c,gen_n10000_rho0.9_exact-ties_seed8.pcf,pac,0,0,270160959,1769,1768,12946394454649012761,13600,bd9d01a0c917,2026-08-31T09:02:13Z,10000,9002,998,,,,,,,,,,,,,,,,,
campaign_c,gen_n10000_rho0.9_exact-ties_seed8.pcf,pac,1,0,283984838,1769,1768,12946394454649012761,13600,bd9d01a0c917,2026-08-31T09:02:13Z,10000,9002,998,,,,,,,,,,,,,,,,,
campaign_c,gen_n10000_rho0.9_exact-ties_seed9.pcf,pac,0,0,273964635,1809,1808,13372565712803479077,13600,bd9d01a0c917,2026-08-31T09:02:13Z,10000,9036,964,,,,,,,,,,,,,,,,,
campaign_c,gen_n10000_rho0.9_exact-ties_seed9.pcf,pac,1,0,273646453,1809,1808,13372565712803479077,13600,bd9d01a0c917,2026-08-31T09:02:14Z,10000,9036,964,,,,,,,,,,,,,,,,,
campaign_c,gen_n10000_rho0.9_independent-positive_seed0.pcf,pac,0,0,415189040,5407,5406,8028522402486330418,13600,bd9d01a0c917,2026-08-31T09:02:14Z,10000,8958,1042,,,,,,,,,,,,,,,,,
campaign_c,gen_n10000_rho0.9_independent-positive_seed0.pcf,pac,1,0,415798365,5407,5406,8028522402486330418,13600,bd9d01a0c917,2026-08-31T09:02:14Z,10000,8958,1042,,,,,,,,,,,,,,,,,
campaign_c,gen_n10000_rho0.9_independent-positive_seed1.pcf,pac,0,0,417911228,5523,5522,3929328589310974741,13600,bd9d01a0c917,2026-08-31T09:02:15Z,10000,8938,1062,,,,,,,,,,,,,,,,,
campaign_c,gen_n10000_rho0.9_independent-positive_seed1.pcf,pac,1,0,416396933,5523,5522,3929328589310974741,13600,bd9d01a0c917,2026-08-31T09:02:15Z,10000,8938,1062,,,,,,,,,,,,,,,,,
campaign_c,gen_n10000_rho0.9_independent-positive_seed2.pcf,pac,0,0,415909652,5343,5342,8362905890568113737,13600,bd9d01a0c917,2026-08-31T09:02:16Z,10000,9020,980,,,,,,,,,,,,,,,,,
campaign_c,gen_n10000_rho0.9_independent-positive_seed2.pcf,pac,1,0,417041438,5343,5342,8362905890568113737,13600,bd9d01a0c917,2026-08-31T09:02:16Z,10000,9020,980,,,,,,,,,,,,,,,,,
campaign_c,gen_n10000_rho0.9_independent-positive_seed3.pcf,pac,0,0,415645530,5500,5499,4423735359336845539,13600,bd9d01a0c917,2026-08-31T09:02:17Z,10000,8976,1024,,,,,,,,,,,,,,,,,
campaign_c,gen_n10000_rho0.9_independent-positive_seed3.pcf,pac,1,0,415496065,5500,5499,4423735359336845539,13600,bd9d01a0c917,2026-08-31T09:02:17Z,10000,8976,1024,,,,,,,,,,,,,,,,,
campaign_c,gen_n10000_rho0.9_independent-positive_seed4.pcf,pac,0,0,411785076,5367,5366,6099594194736479255,13600,bd9d01a0c917,2026-08-31T09:02:17Z,10000,9006,994,,,,,,,,,,,,,,,,,
campaign_c,gen_n10000_rho0.9_independent-positive_seed4.pcf,pac,1,0,413169408,5367,5366,6099594194736479255,13600,bd9d01a0c917,2026-08-31T09:02:18Z,10000,9006,994,,,,,,,,,,,,,,,,,
campaign_c,gen_n10000_rho0.9_independent-positive_seed5.pcf,pac,0,0,416575145,5399,5398,8080081401154209931,13600,bd9d01a0c917,2026-08-31T09:02:18Z,10000,9007,993,,,,,,,,,,,,,,,,,
campaign_c,gen_n10000_rho0.9_independent-positive_seed5.pcf,pac,1,0,416122158,5399,5398,8080081401154209931,13600,bd9d01a0c917,2026-08-31T09:02:19Z,10000,9007,993,,,,,,,,,,,,,,,,,
campaign_c,gen_n10000_rho0.9_independent-positive_seed6.pcf,pac,0,0,416573657,5396,5395,16677456063630278667,13600,bd9d01a0c917,2026-08-31T09:02:19Z,10000,9012,988,,,,,,,,,,,,,,,,,
campaign_c,gen_n10000_rho0.9_independent-positive_seed6.pcf,pac,1,0,415550804,5396,5395,16677456063630278667,13600,bd9d01a0c917,2026-08-31T09:02:19Z,10000,9012,988,,,,,,,,,,,,,,,,,
campaign_c,gen_n10000_rho0.9_independent-positive_seed7.pcf,pac,0,0,414409602,5482,5481,8360375323089349094,13600,bd9d01a0c917,2026-08-31T09:02:20Z,10000,8971,1029,,,,,,,,,,,,,,,,,
campaign_c,gen_n10000_rho0.9_independent-positive_seed7.pcf,pac,1,0,419662169,5482,5481,8360375323089349094,13600,bd9d01a0c917,2026-08-31T09:02:20Z,10000,8971,1029,,,,,,,,,,,,,,,,,
campaign_c,gen_n10000_rho0.9_independent-positive_seed8.pcf,pac,0,0,416927007,5510,5509,9617195823975182097,13760,bd9d01a0c917,2026-08-31T09:02:21Z,10000,8974,1026,,,,,,,,,,,,,,,,,
campaign_c,gen_n10000_rho0.9_independent-positive_seed8.pcf,pac,1,0,417117917,5510,5509,9617195823975182097,13760,bd9d01a0c917,2026-08-31T09:02:21Z,10000,8974,1026,,,,,,,,,,,,,,,,,
campaign_c,gen_n10000_rho0.9_independent-positive_seed9.pcf,pac,0,0,414285802,5452,5451,9122630405097155397,13760,bd9d01a0c917,2026-08-31T09:02:22Z,10000,9027,973,,,,,,,,,,,,,,,,,
campaign_c,gen_n10000_rho0.9_independent-positive_seed9.pcf,pac,1,0,415088058,5452,5451,9122630405097155397,13760,bd9d01a0c917,2026-08-31T09:02:22Z,10000,9027,973,,,,,,,,,,,,,,,,,
campaign_c,gen_n10000_rho0.9_independent-signed_seed0.pcf,pac,0,0,415392577,5414,5413,11345671965483813074,13760,bd9d01a0c917,2026-08-31T09:02:22Z,10000,8962,1038,,,,,,,,,,,,,,,,,
campaign_c,gen_n10000_rho0.9_independent-signed_seed0.pcf,pac,1,0,414983061,5414,5413,11345671965483813074,13760,bd9d01a0c917,2026-08-31T09:02:23Z,10000,8962,1038,,,,,,,,,,,,,,,,,
campaign_c,gen_n10000_rho0.9_independent-signed_seed1.pcf,pac,0,0,413990718,5529,5528,14143312239688127411,13760,bd9d01a0c917,2026-08-31T09:02:23Z,10000,8939,1061,,,,,,,,,,,,,,,,,
campaign_c,gen_n10000_rho0.9_independent-signed_seed1.pcf,pac,1,0,416514544,5529,5528,14143312239688127411,13760,bd9d01a0c917,2026-08-31T09:02:24Z,10000,8939,1061,,,,,,,,,,,,,,,,,
campaign_c,gen_n10000_rho0.9_independent-signed_seed2.pcf,pac,0,0,417198938,5451,5450,17721197281824656531,13760,bd9d01a0c917,2026-08-31T09:02:24Z,10000,9022,978,,,,,,,,,,,,,,,,,
campaign_c,gen_n10000_rho0.9_independent-signed_seed2.pcf,pac,1,0,417009281,5451,5450,17721197281824656531,13760,bd9d01a0c917,2026-08-31T09:02:25Z,10000,9022,978,,,,,,,,,,,,,,,,,
campaign_c,gen_n10000_rho0.9_independent-signed_seed3.pcf,pac,0,0,416614557,5444,5443,12463111041410423226,13760,bd9d01a0c917,2026-08-31T09:02:25Z,10000,8977,1023,,,,,,,,,,,,,,,,,
campaign_c,gen_n10000_rho0.9_independent-signed_seed3.pcf,pac,1,0,415662931,5444,5443,12463111041410423226,13760,bd9d01a0c917,2026-08-31T09:02:25Z,10000,8977,1023,,,,,,,,,,,,,,,,,
campaign_c,gen_n10000_rho0.9_independent-signed_seed4.pcf,pac,0,0,414218991,5446,5445,17011290437318211898,13760,bd9d01a0c917,2026-08-31T09:02:26Z,10000,9007,993,,,,,,,,,,,,,,,,,
campaign_c,gen_n10000_rho0.9_independent-signed_seed4.pcf,pac,1,0,417704814,5446,5445,17011290437318211898,13760,bd9d01a0c917,2026-08-31T09:02:26Z,10000,9007,993,,,,,,,,,,,,,,,,,
campaign_c,gen_n10000_rho0.9_independent-signed_seed5.pcf,pac,0,0,414303893,5408,5407,4976386550917468772,13760,bd9d01a0c917,2026-08-31T09:02:27Z,10000,9011,989,,,,,,,,,,,,,,,,,
campaign_c,gen_n10000_rho0.9_independent-signed_seed5.pcf,pac,1,0,418279291,5408,5407,4976386550917468772,13760,bd9d01a0c917,2026-08-31T09:02:27Z,10000,9011,989,,,,,,,,,,,,,,,,,
campaign_c,gen_n10000_rho0.9_independent-signed_seed6.pcf,pac,0,0,416790174,5396,5395,1372564575440569593,13760,bd9d01a0c917,2026-08-31T09:02:27Z,10000,9013,987,,,,,,,,,,,,,,,,,
campaign_c,gen_n10000_rho0.9_independent-signed_seed6.pcf,pac,1,0,416653953,5396,5395,1372564575440569593,13760,bd9d01a0c917,2026-08-31T09:02:28Z,10000,9013,987,,,,,,,,,,,,,,,,,
campaign_c,gen_n10000_rho0.9_independent-signed_seed7.pcf,pac,0,0,421794047,5520,5519,13103748013986518205,13760,bd9d01a0c917,2026-08-31T09:02:28Z,10000,8972,1028,,,,,,,,,,,,,,,,,
campaign_c,gen_n10000_rho0.9_independent-signed_seed7.pcf,pac,1,0,418229862,5520,5519,13103748013986518205,13760,bd9d01a0c917,2026-08-31T09:02:29Z,10000,8972,1028,,,,,,,,,,,,,,,,,
campaign_c,gen_n10000_rho0.9_independent-signed_seed8.pcf,pac,0,0,414403237,5516,5515,13616495299385675016,13760,bd9d01a0c917,2026-08-31T09:02:29Z,10000,8975,1025,,,,,,,,,,,,,,,,,
campaign_c,gen_n10000_rho0.9_independent-signed_seed8.pcf,pac,1,0,415881744,5516,5515,13616495299385675016,13760,bd9d01a0c917,2026-08-31T09:02:30Z,10000,8975,1025,,,,,,,,,,,,,,,,,
campaign_c,gen_n10000_rho0.9_independent-signed_seed9.pcf,pac,0,0,418076908,5395,5394,10342832963637054693,13760,bd9d01a0c917,2026-08-31T09:02:30Z,10000,9027,973,,,,,,,,,,,,,,,,,
campaign_c,gen_n10000_rho0.9_independent-signed_seed9.pcf,pac,1,0,419790979,5395,5394,10342832963637054693,13760,bd9d01a0c917,2026-08-31T09:02:30Z,10000,9027,973,,,,,,,,,,,,,,,,,
campaign_c,gen_n10000_rho0.9_near-ties_seed0.pcf,pac,0,0,232275259,696,695,13376447650248455322,13760,bd9d01a0c917,2026-08-31T09:02:31Z,10000,9050,950,,,,,,,,,,,,,,,,,
campaign_c,gen_n10000_rho0.9_near-ties_seed0.pcf,pac,1,0,232007603,696,695,13376447650248455322,13760,bd9d01a0c917,2026-08-31T09:02:31Z,10000,9050,950,,,,,,,,,,,,,,,,,
campaign_c,gen_n10000_rho0.9_near-ties_seed1.pcf,pac,0,0,229952176,686,685,2784577062312539223,13760,bd9d01a0c917,2026-08-31T09:02:31Z,10000,8946,1054,,,,,,,,,,,,,,,,,
campaign_c,gen_n10000_rho0.9_near-ties_seed1.pcf,pac,1,0,229137477,686,685,2784577062312539223,13760,bd9d01a0c917,2026-08-31T09:02:31Z,10000,8946,1054,,,,,,,,,,,,,,,,,
campaign_c,gen_n10000_rho0.9_near-ties_seed2.pcf,pac,0,0,227187908,679,678,8533822448391265257,13760,bd9d01a0c917,2026-08-31T09:02:32Z,10000,8988,1012,,,,,,,,,,,,,,,,,
campaign_c,gen_n10000_rho0.9_near-ties_seed2.pcf,pac,1,0,227103324,679,678,8533822448391265257,13760,bd9d01a0c917,2026-08-31T09:02:32Z,10000,8988,1012,,,,,,,,,,,,,,,,,
campaign_c,gen_n10000_rho0.9_near-ties_seed3.pcf,pac,0,0,230082368,709,708,1840916688630328522,13760,bd9d01a0c917,2026-08-31T09:02:32Z,10000,8992,1008,,,,,,,,,,,,,,,,,
campaign_c,gen_n10000_rho0.9_near-ties_seed3.pcf,pac,1,0,230396986,709,708,1840916688630328522,13760,bd9d01a0c917,2026-08-31T09:02:32Z,10000,8992,1008,,,,,,,,,,,,,,,,,
campaign_c,gen_n10000_rho0.9_near-ties_seed4.pcf,pac,0,0,227393811,702,701,12479599095675047893,13760,bd9d01a0c917,2026-08-31T09:02:32Z,10000,8982,1018,,,,,,,,,,,,,,,,,
campaign_c,gen_n10000_rho0.9_near-ties_seed4.pcf,pac,1,0,227639950,702,701,12479599095675047893,13760,bd9d01a0c917,2026-08-31T09:02:33Z,10000,8982,1018,,,,,,,,,,,,,,,,,
campaign_c,gen_n10000_rho0.9_near-ties_seed5.pcf,pac,0,0,234578242,712,711,13783050702059888479,13760,bd9d01a0c917,2026-08-31T09:02:33Z,10000,9017,983,,,,,,,,,,,,,,,,,
campaign_c,gen_n10000_rho0.9_near-ties_seed5.pcf,pac,1,0,246490522,712,711,13783050702059888479,13760,bd9d01a0c917,2026-08-31T09:02:33Z,10000,9017,983,,,,,,,,,,,,,,,,,
campaign_c,gen_n10000_rho0.9_near-ties_seed6.pcf,pac,0,0,227970870,702,701,847161415500842809,13760,bd9d01a0c917,2026-08-31T09:02:33Z,10000,9002,998,,,,,,,,,,,,,,,,,
campaign_c,gen_n10000_rho0.9_near-ties_seed6.pcf,pac,1,0,228313288,702,701,847161415500842809,13760,bd9d01a0c917,2026-08-31T09:02:34Z,10000,9002,998,,,,,,,,,,,,,,,,,
campaign_c,gen_n10000_rho0.9_near-ties_seed7.pcf,pac,0,0,229121604,719,718,11706445827276396831,13760,bd9d01a0c917,2026-08-31T09:02:34Z,10000,8971,1029,,,,,,,,,,,,,,,,,
campaign_c,gen_n10000_rho0.9_near-ties_seed7.pcf,pac,1,0,229281795,719,718,11706445827276396831,13760,bd9d01a0c917,2026-08-31T09:02:34Z,10000,8971,1029,,,,,,,,,,,,,,,,,
campaign_c,gen_n10000_rho0.9_near-ties_seed8.pcf,pac,0,0,225794867,689,688,10580041615841216884,13760,bd9d01a0c917,2026-08-31T09:02:34Z,10000,8970,1030,,,,,,,,,,,,,,,,,
campaign_c,gen_n10000_rho0.9_near-ties_seed8.pcf,pac,1,0,228583335,689,688,10580041615841216884,13760,bd9d01a0c917,2026-08-31T09:02:35Z,10000,8970,1030,,,,,,,,,,,,,,,,,
campaign_c,gen_n10000_rho0.9_near-ties_seed9.pcf,pac,0,0,231067414,705,704,16027287391030578894,13760,bd9d01a0c917,2026-08-31T09:02:35Z,10000,9002,998,,,,,,,,,,,,,,,,,
campaign_c,gen_n10000_rho0.9_near-ties_seed9.pcf,pac,1,0,231306809,705,704,16027287391030578894,13760,bd9d01a0c917,2026-08-31T09:02:35Z,10000,9002,998,,,,,,,,,,,,,,,,,
campaign_c,gen_n10000_rho1.0_anti-correlated_seed0.pcf,pac,0,0,424426212,5034,5033,10063115467558020898,13760,bd9d01a0c917,2026-08-31T09:02:35Z,10000,9999,1,,,,,,,,,,,,,,,,,
campaign_c,gen_n10000_rho1.0_anti-correlated_seed0.pcf,pac,1,0,425965869,5034,5033,10063115467558020898,13760,bd9d01a0c917,2026-08-31T09:02:36Z,10000,9999,1,,,,,,,,,,,,,,,,,
campaign_c,gen_n10000_rho1.0_anti-correlated_seed1.pcf,pac,0,0,423651643,4931,4930,13686192005490770437,13760,bd9d01a0c917,2026-08-31T09:02:36Z,10000,9999,1,,,,,,,,,,,,,,,,,
campaign_c,gen_n10000_rho1.0_anti-correlated_seed1.pcf,pac,1,0,425462765,4931,4930,13686192005490770437,13760,bd9d01a0c917,2026-08-31T09:02:37Z,10000,9999,1,,,,,,,,,,,,,,,,,
campaign_c,gen_n10000_rho1.0_anti-correlated_seed2.pcf,pac,0,0,422437950,4960,4959,15590671602024545026,13760,bd9d01a0c917,2026-08-31T09:02:37Z,10000,9999,1,,,,,,,,,,,,,,,,,
campaign_c,gen_n10000_rho1.0_anti-correlated_seed2.pcf,pac,1,0,422626790,4960,4959,15590671602024545026,13760,bd9d01a0c917,2026-08-31T09:02:38Z,10000,9999,1,,,,,,,,,,,,,,,,,
campaign_c,gen_n10000_rho1.0_anti-correlated_seed3.pcf,pac,0,0,420734756,4850,4849,12191071480915606889,13920,bd9d01a0c917,2026-08-31T09:02:38Z,10000,9999,1,,,,,,,,,,,,,,,,,
campaign_c,gen_n10000_rho1.0_anti-correlated_seed3.pcf,pac,1,0,419622857,4850,4849,12191071480915606889,13920,bd9d01a0c917,2026-08-31T09:02:38Z,10000,9999,1,,,,,,,,,,,,,,,,,
campaign_c,gen_n10000_rho1.0_anti-correlated_seed4.pcf,pac,0,0,428890417,4863,4862,18123822452117571175,13920,bd9d01a0c917,2026-08-31T09:02:39Z,10000,9999,1,,,,,,,,,,,,,,,,,
campaign_c,gen_n10000_rho1.0_anti-correlated_seed4.pcf,pac,1,0,428790235,4863,4862,18123822452117571175,13920,bd9d01a0c917,2026-08-31T09:02:39Z,10000,9999,1,,,,,,,,,,,,,,,,,
campaign_c,gen_n10000_rho1.0_anti-correlated_seed5.pcf,pac,0,0,423774056,4933,4932,2438972140072243377,13920,bd9d01a0c917,2026-08-31T09:02:40Z,10000,9999,1,,,,,,,,,,,,,,,,,
campaign_c,gen_n10000_rho1.0_anti-correlated_seed5.pcf,pac,1,0,423160692,4933,4932,2438972140072243377,13920,bd9d01a0c917,2026-08-31T09:02:40Z,10000,9999,1,,,,,,,,,,,,,,,,,
campaign_c,gen_n10000_rho1.0_anti-correlated_seed6.pcf,pac,0,0,423151322,4905,4904,14382977118413231914,13920,bd9d01a0c917,2026-08-31T09:02:41Z,10000,9999,1,,,,,,,,,,,,,,,,,
campaign_c,gen_n10000_rho1.0_anti-correlated_seed6.pcf,pac,1,0,429954906,4905,4904,14382977118413231914,13920,bd9d01a0c917,2026-08-31T09:02:41Z,10000,9999,1,,,,,,,,,,,,,,,,,
campaign_c,gen_n10000_rho1.0_anti-correlated_seed7.pcf,pac,0,0,427901274,4920,4919,14358194838029054283,13920,bd9d01a0c917,2026-08-31T09:02:41Z,10000,9999,1,,,,,,,,,,,,,,,,,
campaign_c,gen_n10000_rho1.0_anti-correlated_seed7.pcf,pac,1,0,427387732,4920,4919,14358194838029054283,13920,bd9d01a0c917,2026-08-31T09:02:42Z,10000,9999,1,,,,,,,,,,,,,,,,,
campaign_c,gen_n10000_rho1.0_anti-correlated_seed8.pcf,pac,0,0,425843859,4886,4885,7660316914762107182,13920,bd9d01a0c917,2026-08-31T09:02:42Z,10000,9999,1,,,,,,,,,,,,,,,,,
campaign_c,gen_n10000_rho1.0_anti-correlated_seed8.pcf,pac,1,0,428395544,4886,4885,7660316914762107182,13920,bd9d01a0c917,2026-08-31T09:02:43Z,10000,9999,1,,,,,,,,,,,,,,,,,
campaign_c,gen_n10000_rho1.0_anti-correlated_seed9.pcf,pac,0,0,426132591,4942,4941,3729528727290332874,13920,bd9d01a0c917,2026-08-31T09:02:43Z,10000,9999,1,,,,,,,,,,,,,,,,,
campaign_c,gen_n10000_rho1.0_anti-correlated_seed9.pcf,pac,1,0,424774146,4942,4941,3729528727290332874,13920,bd9d01a0c917,2026-08-31T09:02:44Z,10000,9999,1,,,,,,,,,,,,,,,,,
campaign_c,gen_n10000_rho1.0_correlated_seed0.pcf,pac,0,0,415726477,4740,4739,6520863823443845874,13920,bd9d01a0c917,2026-08-31T09:02:44Z,10000,9999,1,,,,,,,,,,,,,,,,,
campaign_c,gen_n10000_rho1.0_correlated_seed0.pcf,pac,1,0,418038710,4740,4739,6520863823443845874,13920,bd9d01a0c917,2026-08-31T09:02:44Z,10000,9999,1,,,,,,,,,,,,,,,,,
campaign_c,gen_n10000_rho1.0_correlated_seed1.pcf,pac,0,0,413642473,4622,4621,528810908387818831,13920,bd9d01a0c917,2026-08-31T09:02:45Z,10000,9999,1,,,,,,,,,,,,,,,,,
campaign_c,gen_n10000_rho1.0_correlated_seed1.pcf,pac,1,0,413911688,4622,4621,528810908387818831,13920,bd9d01a0c917,2026-08-31T09:02:45Z,10000,9999,1,,,,,,,,,,,,,,,,,
campaign_c,gen_n10000_rho1.0_correlated_seed2.pcf,pac,0,0,413186432,4643,4642,15303299385131877200,13920,bd9d01a0c917,2026-08-31T09:02:46Z,10000,9999,1,,,,,,,,,,,,,,,,,
campaign_c,gen_n10000_rho1.0_correlated_seed2.pcf,pac,1,0,413640836,4643,4642,15303299385131877200,13920,bd9d01a0c917,2026-08-31T09:02:46Z,10000,9999,1,,,,,,,,,,,,,,,,,
campaign_c,gen_n10000_rho1.0_correlated_seed3.pcf,pac,0,0,409305370,4691,4690,18053711178957126435,13920,bd9d01a0c917,2026-08-31T09:02:47Z,10000,9999,1,,,,,,,,,,,,,,,,,
campaign_c,gen_n10000_rho1.0_correlated_seed3.pcf,pac,1,0,409820056,4691,4690,18053711178957126435,13920,bd9d01a0c917,2026-08-31T09:02:47Z,10000,9999,1,,,,,,,,,,,,,,,,,
campaign_c,gen_n10000_rho1.0_correlated_seed4.pcf,pac,0,0,415186106,4717,4716,11019904457519774577,13920,bd9d01a0c917,2026-08-31T09:02:47Z,10000,9999,1,,,,,,,,,,,,,,,,,
campaign_c,gen_n10000_rho1.0_correlated_seed4.pcf,pac,1,0,418029129,4717,4716,11019904457519774577,13920,bd9d01a0c917,2026-08-31T09:02:48Z,10000,9999,1,,,,,,,,,,,,,,,,,
campaign_c,gen_n10000_rho1.0_correlated_seed5.pcf,pac,0,0,416862052,4609,4608,6585139042745140019,13920,bd9d01a0c917,2026-08-31T09:02:48Z,10000,9999,1,,,,,,,,,,,,,,,,,
campaign_c,gen_n10000_rho1.0_correlated_seed5.pcf,pac,1,0,413940351,4609,4608,6585139042745140019,13920,bd9d01a0c917,2026-08-31T09:02:49Z,10000,9999,1,,,,,,,,,,,,,,,,,
campaign_c,gen_n10000_rho1.0_correlated_seed6.pcf,pac,0,0,412616082,4577,4576,13013726982465630113,13920,bd9d01a0c917,2026-08-31T09:02:49Z,10000,9999,1,,,,,,,,,,,,,,,,,
campaign_c,gen_n10000_rho1.0_correlated_seed6.pcf,pac,1,0,414250885,4577,4576,13013726982465630113,13920,bd9d01a0c917,2026-08-31T09:02:49Z,10000,9999,1,,,,,,,,,,,,,,,,,
campaign_c,gen_n10000_rho1.0_correlated_seed7.pcf,pac,0,0,412037129,4653,4652,14470257798754824480,13920,bd9d01a0c917,2026-08-31T09:02:50Z,10000,9999,1,,,,,,,,,,,,,,,,,
campaign_c,gen_n10000_rho1.0_correlated_seed7.pcf,pac,1,0,413467133,4653,4652,14470257798754824480,13920,bd9d01a0c917,2026-08-31T09:02:50Z,10000,9999,1,,,,,,,,,,,,,,,,,
campaign_c,gen_n10000_rho1.0_correlated_seed8.pcf,pac,0,0,409810810,4605,4604,8475939439923662521,13920,bd9d01a0c917,2026-08-31T09:02:51Z,10000,9999,1,,,,,,,,,,,,,,,,,
campaign_c,gen_n10000_rho1.0_correlated_seed8.pcf,pac,1,0,414261407,4605,4604,8475939439923662521,13920,bd9d01a0c917,2026-08-31T09:02:51Z,10000,9999,1,,,,,,,,,,,,,,,,,
campaign_c,gen_n10000_rho1.0_correlated_seed9.pcf,pac,0,0,419460110,4730,4729,8456822511688367084,13920,bd9d01a0c917,2026-08-31T09:02:52Z,10000,9999,1,,,,,,,,,,,,,,,,,
campaign_c,gen_n10000_rho1.0_correlated_seed9.pcf,pac,1,0,415453481,4730,4729,8456822511688367084,13920,bd9d01a0c917,2026-08-31T09:02:52Z,10000,9999,1,,,,,,,,,,,,,,,,,
campaign_c,gen_n10000_rho1.0_exact-ties_seed0.pcf,pac,0,0,303052404,1784,1783,8679127879680326152,13920,bd9d01a0c917,2026-08-31T09:02:52Z,10000,9999,1,,,,,,,,,,,,,,,,,
campaign_c,gen_n10000_rho1.0_exact-ties_seed0.pcf,pac,1,0,306312324,1784,1783,8679127879680326152,13920,bd9d01a0c917,2026-08-31T09:02:53Z,10000,9999,1,,,,,,,,,,,,,,,,,
campaign_c,gen_n10000_rho1.0_exact-ties_seed1.pcf,pac,0,0,298918010,1790,1789,14170606272026911268,13920,bd9d01a0c917,2026-08-31T09:02:53Z,10000,9999,1,,,,,,,,,,,,,,,,,
campaign_c,gen_n10000_rho1.0_exact-ties_seed1.pcf,pac,1,0,299319903,1790,1789,14170606272026911268,13920,bd9d01a0c917,2026-08-31T09:02:53Z,10000,9999,1,,,,,,,,,,,,,,,,,
campaign_c,gen_n10000_rho1.0_exact-ties_seed2.pcf,pac,0,0,302271183,1854,1853,17539458562535128455,13920,bd9d01a0c917,2026-08-31T09:02:53Z,10000,9999,1,,,,,,,,,,,,,,,,,
campaign_c,gen_n10000_rho1.0_exact-ties_seed2.pcf,pac,1,0,302959941,1854,1853,17539458562535128455,13920,bd9d01a0c917,2026-08-31T09:02:54Z,10000,9999,1,,,,,,,,,,,,,,,,,
campaign_c,gen_n10000_rho1.0_exact-ties_seed3.pcf,pac,0,0,302265846,1809,1808,11272758122181525766,13920,bd9d01a0c917,2026-08-31T09:02:54Z,10000,9999,1,,,,,,,,,,,,,,,,,
campaign_c,gen_n10000_rho1.0_exact-ties_seed3.pcf,pac,1,0,301582355,1809,1808,11272758122181525766,13920,bd9d01a0c917,2026-08-31T09:02:54Z,10000,9999,1,,,,,,,,,,,,,,,,,
campaign_c,gen_n10000_rho1.0_exact-ties_seed4.pcf,pac,0,0,306010421,1752,1751,1878038851650989389,13920,bd9d01a0c917,2026-08-31T09:02:55Z,10000,9999,1,,,,,,,,,,,,,,,,,
campaign_c,gen_n10000_rho1.0_exact-ties_seed4.pcf,pac,1,0,306069847,1752,1751,1878038851650989389,13920,bd9d01a0c917,2026-08-31T09:02:55Z,10000,9999,1,,,,,,,,,,,,,,,,,
campaign_c,gen_n10000_rho1.0_exact-ties_seed5.pcf,pac,0,0,306389472,1775,1774,16030704019730993030,13920,bd9d01a0c917,2026-08-31T09:02:55Z,10000,9999,1,,,,,,,,,,,,,,,,,
campaign_c,gen_n10000_rho1.0_exact-ties_seed5.pcf,pac,1,0,303896590,1775,1774,16030704019730993030,13920,bd9d01a0c917,2026-08-31T09:02:56Z,10000,9999,1,,,,,,,,,,,,,,,,,
campaign_c,gen_n10000_rho1.0_exact-ties_seed6.pcf,pac,0,0,302342652,1862,1861,8050688328417058230,13920,bd9d01a0c917,2026-08-31T09:02:56Z,10000,9999,1,,,,,,,,,,,,,,,,,
campaign_c,gen_n10000_rho1.0_exact-ties_seed6.pcf,pac,1,0,312545772,1862,1861,8050688328417058230,13920,bd9d01a0c917,2026-08-31T09:02:56Z,10000,9999,1,,,,,,,,,,,,,,,,,
campaign_c,gen_n10000_rho1.0_exact-ties_seed7.pcf,pac,0,0,317251679,1803,1802,8482579155118535611,13920,bd9d01a0c917,2026-08-31T09:02:57Z,10000,9999,1,,,,,,,,,,,,,,,,,
campaign_c,gen_n10000_rho1.0_exact-ties_seed7.pcf,pac,1,0,314607922,1803,1802,8482579155118535611,13920,bd9d01a0c917,2026-08-31T09:02:57Z,10000,9999,1,,,,,,,,,,,,,,,,,
campaign_c,gen_n10000_rho1.0_exact-ties_seed8.pcf,pac,0,0,317410415,1741,1740,9196203860232896104,14080,bd9d01a0c917,2026-08-31T09:02:57Z,10000,9999,1,,,,,,,,,,,,,,,,,
campaign_c,gen_n10000_rho1.0_exact-ties_seed8.pcf,pac,1,0,308911725,1741,1740,9196203860232896104,14080,bd9d01a0c917,2026-08-31T09:02:58Z,10000,9999,1,,,,,,,,,,,,,,,,,
campaign_c,gen_n10000_rho1.0_exact-ties_seed9.pcf,pac,0,0,306848400,1756,1755,4887498730567103183,14080,bd9d01a0c917,2026-08-31T09:02:58Z,10000,9999,1,,,,,,,,,,,,,,,,,
campaign_c,gen_n10000_rho1.0_exact-ties_seed9.pcf,pac,1,0,303867458,1756,1755,4887498730567103183,14080,bd9d01a0c917,2026-08-31T09:02:58Z,10000,9999,1,,,,,,,,,,,,,,,,,
campaign_c,gen_n10000_rho1.0_independent-positive_seed0.pcf,pac,0,0,432209281,5001,5000,6806385188688868855,14080,bd9d01a0c917,2026-08-31T09:02:59Z,10000,9999,1,,,,,,,,,,,,,,,,,
campaign_c,gen_n10000_rho1.0_independent-positive_seed0.pcf,pac,1,0,428778823,5001,5000,6806385188688868855,14080,bd9d01a0c917,2026-08-31T09:02:59Z,10000,9999,1,,,,,,,,,,,,,,,,,
campaign_c,gen_n10000_rho1.0_independent-positive_seed1.pcf,pac,0,0,426965489,4912,4911,17127085769692224188,14080,bd9d01a0c917,2026-08-31T09:02:59Z,10000,9999,1,,,,,,,,,,,,,,,,,
campaign_c,gen_n10000_rho1.0_independent-positive_seed1.pcf,pac,1,0,425898339,4912,4911,17127085769692224188,14080,bd9d01a0c917,2026-08-31T09:03:00Z,10000,9999,1,,,,,,,,,,,,,,,,,
campaign_c,gen_n10000_rho1.0_independent-positive_seed2.pcf,pac,0,0,428274024,4926,4925,7574513806867876631,14080,bd9d01a0c917,2026-08-31T09:03:00Z,10000,9999,1,,,,,,,,,,,,,,,,,
campaign_c,gen_n10000_rho1.0_independent-positive_seed2.pcf,pac,1,0,426664742,4926,4925,7574513806867876631,14080,bd9d01a0c917,2026-08-31T09:03:01Z,10000,9999,1,,,,,,,,,,,,,,,,,
campaign_c,gen_n10000_rho1.0_independent-positive_seed3.pcf,pac,0,0,425473021,4994,4993,18366427920447045762,14080,bd9d01a0c917,2026-08-31T09:03:01Z,10000,9999,1,,,,,,,,,,,,,,,,,
campaign_c,gen_n10000_rho1.0_independent-positive_seed3.pcf,pac,1,0,428120914,4994,4993,18366427920447045762,14080,bd9d01a0c917,2026-08-31T09:03:02Z,10000,9999,1,,,,,,,,,,,,,,,,,
campaign_c,gen_n10000_rho1.0_independent-positive_seed4.pcf,pac,0,0,427520831,4952,4951,10979762214124747919,14080,bd9d01a0c917,2026-08-31T09:03:02Z,10000,9999,1,,,,,,,,,,,,,,,,,
campaign_c,gen_n10000_rho1.0_independent-positive_seed4.pcf,pac,1,0,427614151,4952,4951,10979762214124747919,14080,bd9d01a0c917,2026-08-31T09:03:02Z,10000,9999,1,,,,,,,,,,,,,,,,,
campaign_c,gen_n10000_rho1.0_independent-positive_seed5.pcf,pac,0,0,426684623,4949,4948,7843319139400574193,14080,bd9d01a0c917,2026-08-31T09:03:03Z,10000,9999,1,,,,,,,,,,,,,,,,,
campaign_c,gen_n10000_rho1.0_independent-positive_seed5.pcf,pac,1,0,427027211,4949,4948,7843319139400574193,14080,bd9d01a0c917,2026-08-31T09:03:03Z,10000,9999,1,,,,,,,,,,,,,,,,,
campaign_c,gen_n10000_rho1.0_independent-positive_seed6.pcf,pac,0,0,425192381,4946,4945,2078720716483990828,14080,bd9d01a0c917,2026-08-31T09:03:04Z,10000,9999,1,,,,,,,,,,,,,,,,,
campaign_c,gen_n10000_rho1.0_independent-positive_seed6.pcf,pac,1,0,425509805,4946,4945,2078720716483990828,14080,bd9d01a0c917,2026-08-31T09:03:04Z,10000,9999,1,,,,,,,,,,,,,,,,,
campaign_c,gen_n10000_rho1.0_independent-positive_seed7.pcf,pac,0,0,430668616,5030,5029,1519885604344408797,14080,bd9d01a0c917,2026-08-31T09:03:05Z,10000,9999,1,,,,,,,,,,,,,,,,,
campaign_c,gen_n10000_rho1.0_independent-positive_seed7.pcf,pac,1,0,431475451,5030,5029,1519885604344408797,14080,bd9d01a0c917,2026-08-31T09:03:05Z,10000,9999,1,,,,,,,,,,,,,,,,,
campaign_c,gen_n10000_rho1.0_independent-positive_seed8.pcf,pac,0,0,422533002,4838,4837,18054808759382089453,14080,bd9d01a0c917,2026-08-31T09:03:05Z,10000,9999,1,,,,,,,,,,,,,,,,,
campaign_c,gen_n10000_rho1.0_independent-positive_seed8.pcf,pac,1,0,422673235,4838,4837,18054808759382089453,14080,bd9d01a0c917,2026-08-31T09:03:06Z,10000,9999,1,,,,,,,,,,,,,,,,,
campaign_c,gen_n10000_rho1.0_independent-positive_seed9.pcf,pac,0,0,423983748,4912,4911,4840883691751239483,14080,bd9d01a0c917,2026-08-31T09:03:06Z,10000,9999,1,,,,,,,,,,,,,,,,,
campaign_c,gen_n10000_rho1.0_independent-positive_seed9.pcf,pac,1,0,423165773,4912,4911,4840883691751239483,14080,bd9d01a0c917,2026-08-31T09:03:07Z,10000,9999,1,,,,,,,,,,,,,,,,,
campaign_c,gen_n10000_rho1.0_independent-signed_seed0.pcf,pac,0,0,430259259,4997,4996,12130340271193452878,14080,bd9d01a0c917,2026-08-31T09:03:07Z,10000,9999,1,,,,,,,,,,,,,,,,,
campaign_c,gen_n10000_rho1.0_independent-signed_seed0.pcf,pac,1,0,429863129,4997,4996,12130340271193452878,14080,bd9d01a0c917,2026-08-31T09:03:08Z,10000,9999,1,,,,,,,,,,,,,,,,,
campaign_c,gen_n10000_rho1.0_independent-signed_seed1.pcf,pac,0,0,425817955,4951,4950,5448439953341884276,14080,bd9d01a0c917,2026-08-31T09:03:08Z,10000,9999,1,,,,,,,,,,,,,,,,,
campaign_c,gen_n10000_rho1.0_independent-signed_seed1.pcf,pac,1,0,427553250,4951,4950,5448439953341884276,14080,bd9d01a0c917,2026-08-31T09:03:08Z,10000,9999,1,,,,,,,,,,,,,,,,,
campaign_c,gen_n10000_rho1.0_independent-signed_seed2.pcf,pac,0,0,432462466,4976,4975,13649815369287400095,14080,bd9d01a0c917,2026-08-31T09:03:09Z,10000,9999,1,,,,,,,,,,,,,,,,,
campaign_c,gen_n10000_rho1.0_independent-signed_seed2.pcf,pac,1,0,427394938,4976,4975,13649815369287400095,14080,bd9d01a0c917,2026-08-31T09:03:09Z,10000,9999,1,,,,,,,,,,,,,,,,,
campaign_c,gen_n10000_rho1.0_independent-signed_seed3.pcf,pac,0,0,429199791,4946,4945,11448270114507510129,14080,bd9d01a0c917,2026-08-31T09:03:10Z,10000,9999,1,,,,,,,,,,,,,,,,,
campaign_c,gen_n10000_rho1.0_independent-signed_seed3.pcf,pac,1,0,428350434,4946,4945,11448270114507510129,14080,bd9d01a0c917,2026-08-31T09:03:10Z,10000,9999,1,,,,,,,,,,,,,,,,,
campaign_c,gen_n10000_rho1.0_independent-signed_seed4.pcf,pac,0,0,426099366,4916,4915,7160355840257533332,14080,bd9d01a0c917,2026-08-31T09:03:11Z,10000,9999,1,,,,,,,,,,,,,,,,,
campaign_c,gen_n10000_rho1.0_independent-signed_seed4.pcf,pac,1,0,427012870,4916,4915,7160355840257533332,14080,bd9d01a0c917,2026-08-31T09:03:11Z,10000,9999,1,,,,,,,,,,,,,,,,,
campaign_c,gen_n10000_rho1.0_independent-signed_seed5.pcf,pac,0,0,427473350,4866,4865,8899742738067144741,14080,bd9d01a0c917,2026-08-31T09:03:12Z,10000,9999,1,,,,,,,,,,,,,,,,,
campaign_c,gen_n10000_rho1.0_independent-signed_seed5.pcf,pac,1,0,424985609,4866,4865,8899742738067144741,14080,bd9d01a0c917,2026-08-31T09:03:12Z,10000,9999,1,,,,,,,,,,,,,,,,,
campaign_c,gen_n10000_rho1.0_independent-signed_seed6.pcf,pac,0,0,425247302,4956,4955,10775901791287554461,14080,bd9d01a0c917,2026-08-31T09:03:12Z,10000,9999,1,,,,,,,,,,,,,,,,,
campaign_c,gen_n10000_rho1.0_independent-signed_seed6.pcf,pac,1,0,424964800,4956,4955,10775901791287554461,14080,bd9d01a0c917,2026-08-31T09:03:13Z,10000,9999,1,,,,,,,,,,,,,,,,,
campaign_c,gen_n10000_rho1.0_independent-signed_seed7.pcf,pac,0,0,422870672,5009,5008,13609840287397793078,14080,bd9d01a0c917,2026-08-31T09:03:13Z,10000,9999,1,,,,,,,,,,,,,,,,,
campaign_c,gen_n10000_rho1.0_independent-signed_seed7.pcf,pac,1,0,423956039,5009,5008,13609840287397793078,14080,bd9d01a0c917,2026-08-31T09:03:14Z,10000,9999,1,,,,,,,,,,,,,,,,,
campaign_c,gen_n10000_rho1.0_independent-signed_seed8.pcf,pac,0,0,421527488,4954,4953,10553179497697984687,14080,bd9d01a0c917,2026-08-31T09:03:14Z,10000,9999,1,,,,,,,,,,,,,,,,,
campaign_c,gen_n10000_rho1.0_independent-signed_seed8.pcf,pac,1,0,424169889,4954,4953,10553179497697984687,14080,bd9d01a0c917,2026-08-31T09:03:14Z,10000,9999,1,,,,,,,,,,,,,,,,,
campaign_c,gen_n10000_rho1.0_independent-signed_seed9.pcf,pac,0,0,426555748,4941,4940,17370422679132427609,14080,bd9d01a0c917,2026-08-31T09:03:15Z,10000,9999,1,,,,,,,,,,,,,,,,,
campaign_c,gen_n10000_rho1.0_independent-signed_seed9.pcf,pac,1,0,428305298,4941,4940,17370422679132427609,14080,bd9d01a0c917,2026-08-31T09:03:15Z,10000,9999,1,,,,,,,,,,,,,,,,,
campaign_c,gen_n10000_rho1.0_near-ties_seed0.pcf,pac,0,0,264678628,716,715,13725059051907392680,14080,bd9d01a0c917,2026-08-31T09:03:16Z,10000,9999,1,,,,,,,,,,,,,,,,,
campaign_c,gen_n10000_rho1.0_near-ties_seed0.pcf,pac,1,0,263137751,716,715,13725059051907392680,14080,bd9d01a0c917,2026-08-31T09:03:16Z,10000,9999,1,,,,,,,,,,,,,,,,,
campaign_c,gen_n10000_rho1.0_near-ties_seed1.pcf,pac,0,0,264786589,724,723,3991085410230084646,14080,bd9d01a0c917,2026-08-31T09:03:16Z,10000,9999,1,,,,,,,,,,,,,,,,,
campaign_c,gen_n10000_rho1.0_near-ties_seed1.pcf,pac,1,0,267662453,724,723,3991085410230084646,14080,bd9d01a0c917,2026-08-31T09:03:16Z,10000,9999,1,,,,,,,,,,,,,,,,,
campaign_c,gen_n10000_rho1.0_near-ties_seed2.pcf,pac,0,0,256986631,718,717,8279643583193363973,14240,bd9d01a0c917,2026-08-31T09:03:17Z,10000,9999,1,,,,,,,,,,,,,,,,,
campaign_c,gen_n10000_rho1.0_near-ties_seed2.pcf,pac,1,0,257470364,718,717,8279643583193363973,14240,bd9d01a0c917,2026-08-31T09:03:17Z,10000,9999,1,,,,,,,,,,,,,,,,,
campaign_c,gen_n10000_rho1.0_near-ties_seed3.pcf,pac,0,0,259942436,723,722,10716652293616934369,14240,bd9d01a0c917,2026-08-31T09:03:17Z,10000,9999,1,,,,,,,,,,,,,,,,,
campaign_c,gen_n10000_rho1.0_near-ties_seed3.pcf,pac,1,0,260792081,723,722,10716652293616934369,14240,bd9d01a0c917,2026-08-31T09:03:17Z,10000,9999,1,,,,,,,,,,,,,,,,,
campaign_c,gen_n10000_rho1.0_near-ties_seed4.pcf,pac,0,0,257295946,712,711,3105122692931235820,14240,bd9d01a0c917,2026-08-31T09:03:18Z,10000,9999,1,,,,,,,,,,,,,,,,,
campaign_c,gen_n10000_rho1.0_near-ties_seed4.pcf,pac,1,0,255994899,712,711,3105122692931235820,14240,bd9d01a0c917,2026-08-31T09:03:18Z,10000,9999,1,,,,,,,,,,,,,,,,,
campaign_c,gen_n10000_rho1.0_near-ties_seed5.pcf,pac,0,0,252904924,713,712,1127544562960305656,14240,bd9d01a0c917,2026-08-31T09:03:18Z,10000,9999,1,,,,,,,,,,,,,,,,,
campaign_c,gen_n10000_rho1.0_near-ties_seed5.pcf,pac,1,0,253298652,713,712,1127544562960305656,14240,bd9d01a0c917,2026-08-31T09:03:18Z,10000,9999,1,,,,,,,,,,,,,,,,,
campaign_c,gen_n10000_rho1.0_near-ties_seed6.pcf,pac,0,0,259327962,740,739,14480046474870957158,14240,bd9d01a0c917,2026-08-31T09:03:19Z,10000,9999,1,,,,,,,,,,,,,,,,,
campaign_c,gen_n10000_rho1.0_near-ties_seed6.pcf,pac,1,0,260220755,740,739,14480046474870957158,14240,bd9d01a0c917,2026-08-31T09:03:19Z,10000,9999,1,,,,,,,,,,,,,,,,,
campaign_c,gen_n10000_rho1.0_near-ties_seed7.pcf,pac,0,0,260393065,718,717,8536008727447145975,14240,bd9d01a0c917,2026-08-31T09:03:19Z,10000,9999,1,,,,,,,,,,,,,,,,,
campaign_c,gen_n10000_rho1.0_near-ties_seed7.pcf,pac,1,0,262299494,718,717,8536008727447145975,14240,bd9d01a0c917,2026-08-31T09:03:20Z,10000,9999,1,,,,,,,,,,,,,,,,,
campaign_c,gen_n10000_rho1.0_near-ties_seed8.pcf,pac,0,0,261779449,712,711,6567292512443396131,14240,bd9d01a0c917,2026-08-31T09:03:20Z,10000,9999,1,,,,,,,,,,,,,,,,,
campaign_c,gen_n10000_rho1.0_near-ties_seed8.pcf,pac,1,0,260005145,712,711,6567292512443396131,14240,bd9d01a0c917,2026-08-31T09:03:20Z,10000,9999,1,,,,,,,,,,,,,,,,,
campaign_c,gen_n10000_rho1.0_near-ties_seed9.pcf,pac,0,0,259995483,728,727,5039828012386606506,14240,bd9d01a0c917,2026-08-31T09:03:20Z,10000,9999,1,,,,,,,,,,,,,,,,,
campaign_c,gen_n10000_rho1.0_near-ties_seed9.pcf,pac,1,0,258155323,728,727,5039828012386606506,14240,bd9d01a0c917,2026-08-31T09:03:21Z,10000,9999,1,,,,,,,,,,,,,,,,,
