campaign_id,instance,algorithm,repetition,order,elapsed_ns,n_layers,n_breakpoints,sequence_hash,peak_rss_kib,git_commit,timestamp_utc,n_nodes,n_arcs,n_components,rac_clusters,rac_joins,rac_internalizations,rac_envelope_sum_calls,rac_envelope_max_calls,rac_hull_calls,rac_lines_scanned,rac_line_comparisons,rac_rational_comparisons,rac_pieces_stored,rac_topdown_events,rac_topdown_scans,rac_expanded_vertices,rac_expanded_edges,rac_rounds,rac_max_cluster_depth,rac_estimated_bytes
campaign_c,gen_n10000_rho0.3_anti-correlated_seed0.pcf,dpac,0,0,6737467729,8143,8142,5254154613107489115,12640,23f703aa3bc9,2026-08-28T16:08:37Z,10000,3016,6984,,,,,,,,,,,,,,,,,
campaign_c,gen_n10000_rho0.3_anti-correlated_seed0.pcf,dpac,1,0,6473687157,8143,8142,5254154613107489115,12640,23f703aa3bc9,2026-08-28T16:08:43Z,10000,3016,6984,,,,,,,,,,,,,,,,,
campaign_c,gen_n10000_rho0.3_anti-correlated_seed1.pcf,dpac,0,0,6626032452,8190,8189,1324323713532864455,12640,23f703aa3bc9,2026-08-28T16:08:50Z,10000,2935,7065,,,,,,,,,,,,,,,,,
campaign_c,gen_n10000_rho0.3_anti-correlated_seed1.pcf,dpac,1,0,6655179000,8190,8189,1324323713532864455,12640,23f703aa3bc9,2026-08-28T16:08:57Z,10000,2935,7065,,,,,,,,,,,,,,,,,
campaign_c,gen_n10000_rho0.3_anti-correlated_seed2.pcf,dpac,0,0,6741344891,8165,8164,16354864859188361140,12640,23f703aa3bc9,2026-08-28T16:09:03Z,10000,3017,6983,,,,,,,,,,,,,,,,,
campaign_c,gen_n10000_rho0.3_anti-correlated_seed2.pcf,dpac,1,0,6639675902,8165,8164,16354864859188361140,12640,23f703aa3bc9,2026-08-28T16:09:10Z,10000,3017,6983,,,,,,,,,,,,,,,,,
campaign_c,gen_n10000_rho0.3_anti-correlated_seed3.pcf,dpac,0,0,6471648127,8159,8158,6927257128097174099,12640,23f703aa3bc9,2026-08-28T16:09:16Z,10000,2999,7001,,,,,,,,,,,,,,,,,
campaign_c,gen_n10000_rho0.3_anti-correlated_seed3.pcf,dpac,1,0,6666376890,8159,8158,6927257128097174099,12640,23f703aa3bc9,2026-08-28T16:09:23Z,10000,2999,7001,,,,,,,,,,,,,,,,,
campaign_c,gen_n10000_rho0.3_anti-correlated_seed4.pcf,dpac,0,0,6684716146,8133,8132,8379173725844895053,12640,23f703aa3bc9,2026-08-28T16:09:30Z,10000,3069,6931,,,,,,,,,,,,,,,,,
campaign_c,gen_n10000_rho0.3_anti-correlated_seed4.pcf,dpac,1,0,6818335016,8133,8132,8379173725844895053,12640,23f703aa3bc9,2026-08-28T16:09:37Z,10000,3069,6931,,,,,,,,,,,,,,,,,
campaign_c,gen_n10000_rho0.3_anti-correlated_seed5.pcf,dpac,0,0,6452539538,8106,8105,4480383551345430673,12640,23f703aa3bc9,2026-08-28T16:09:43Z,10000,3031,6969,,,,,,,,,,,,,,,,,
campaign_c,gen_n10000_rho0.3_anti-correlated_seed5.pcf,dpac,1,0,6534615074,8106,8105,4480383551345430673,12640,23f703aa3bc9,2026-08-28T16:09:50Z,10000,3031,6969,,,,,,,,,,,,,,,,,
campaign_c,gen_n10000_rho0.3_anti-correlated_seed6.pcf,dpac,0,0,6712416778,8185,8184,9528283086271471001,12640,23f703aa3bc9,2026-08-28T16:09:56Z,10000,3046,6954,,,,,,,,,,,,,,,,,
campaign_c,gen_n10000_rho0.3_anti-correlated_seed6.pcf,dpac,1,0,6768812964,8185,8184,9528283086271471001,12640,23f703aa3bc9,2026-08-28T16:10:03Z,10000,3046,6954,,,,,,,,,,,,,,,,,
campaign_c,gen_n10000_rho0.3_anti-correlated_seed7.pcf,dpac,0,0,6690623783,8258,8257,14336074126984443293,12640,23f703aa3bc9,2026-08-28T16:10:10Z,10000,2932,7068,,,,,,,,,,,,,,,,,
campaign_c,gen_n10000_rho0.3_anti-correlated_seed7.pcf,dpac,1,0,6477494977,8258,8257,14336074126984443293,12640,23f703aa3bc9,2026-08-28T16:10:16Z,10000,2932,7068,,,,,,,,,,,,,,,,,
campaign_c,gen_n10000_rho0.3_anti-correlated_seed8.pcf,dpac,0,0,6756216082,8193,8192,1357464946893435499,12640,23f703aa3bc9,2026-08-28T16:10:23Z,10000,3038,6962,,,,,,,,,,,,,,,,,
campaign_c,gen_n10000_rho0.3_anti-correlated_seed8.pcf,dpac,1,0,6678469049,8193,8192,1357464946893435499,12640,23f703aa3bc9,2026-08-28T16:10:30Z,10000,3038,6962,,,,,,,,,,,,,,,,,
campaign_c,gen_n10000_rho0.3_anti-correlated_seed9.pcf,dpac,0,0,6770282620,8184,8183,9845271329426851412,12640,23f703aa3bc9,2026-08-28T16:10:37Z,10000,2965,7035,,,,,,,,,,,,,,,,,
campaign_c,gen_n10000_rho0.3_anti-correlated_seed9.pcf,dpac,1,0,6555683963,8184,8183,9845271329426851412,12640,23f703aa3bc9,2026-08-28T16:10:43Z,10000,2965,7035,,,,,,,,,,,,,,,,,
campaign_c,gen_n10000_rho0.3_correlated_seed0.pcf,dpac,0,0,5735401945,7372,7371,16749088626822569477,12640,23f703aa3bc9,2026-08-28T16:10:49Z,10000,3016,6984,,,,,,,,,,,,,,,,,
campaign_c,gen_n10000_rho0.3_correlated_seed0.pcf,dpac,1,0,5890188593,7372,7371,16749088626822569477,12640,23f703aa3bc9,2026-08-28T16:10:55Z,10000,3016,6984,,,,,,,,,,,,,,,,,
campaign_c,gen_n10000_rho0.3_correlated_seed1.pcf,dpac,0,0,5893037041,7470,7469,6531043257996396219,12640,23f703aa3bc9,2026-08-28T16:11:01Z,10000,2935,7065,,,,,,,,,,,,,,,,,
campaign_c,gen_n10000_rho0.3_correlated_seed1.pcf,dpac,1,0,5984133574,7470,7469,6531043257996396219,12640,23f703aa3bc9,2026-08-28T16:11:07Z,10000,2935,7065,,,,,,,,,,,,,,,,,
campaign_c,gen_n10000_rho0.3_correlated_seed2.pcf,dpac,0,0,5913997909,7472,7471,13056469307555162683,12640,23f703aa3bc9,2026-08-28T16:11:13Z,10000,3017,6983,,,,,,,,,,,,,,,,,
campaign_c,gen_n10000_rho0.3_correlated_seed2.pcf,dpac,1,0,5796184540,7472,7471,13056469307555162683,12640,23f703aa3bc9,2026-08-28T16:11:18Z,10000,3017,6983,,,,,,,,,,,,,,,,,
campaign_c,gen_n10000_rho0.3_correlated_seed3.pcf,dpac,0,0,5893683961,7394,7393,14734568838076160070,12640,23f703aa3bc9,2026-08-28T16:11:24Z,10000,2999,7001,,,,,,,,,,,,,,,,,
campaign_c,gen_n10000_rho0.3_correlated_seed3.pcf,dpac,1,0,5904751933,7394,7393,14734568838076160070,12640,23f703aa3bc9,2026-08-28T16:11:30Z,10000,2999,7001,,,,,,,,,,,,,,,,,
campaign_c,gen_n10000_rho0.3_correlated_seed4.pcf,dpac,0,0,6010701774,7408,7407,18365003930014800302,12800,23f703aa3bc9,2026-08-28T16:11:36Z,10000,3069,6931,,,,,,,,,,,,,,,,,
campaign_c,gen_n10000_rho0.3_correlated_seed4.pcf,dpac,1,0,5924259745,7408,7407,18365003930014800302,12800,23f703aa3bc9,2026-08-28T16:11:42Z,10000,3069,6931,,,,,,,,,,,,,,,,,
campaign_c,gen_n10000_rho0.3_correlated_seed5.pcf,dpac,0,0,5753837466,7436,7435,2263546274347078505,12800,23f703aa3bc9,2026-08-28T16:11:48Z,10000,3031,6969,,,,,,,,,,,,,,,,,
campaign_c,gen_n10000_rho0.3_correlated_seed5.pcf,dpac,1,0,5937308348,7436,7435,2263546274347078505,12800,23f703aa3bc9,2026-08-28T16:11:54Z,10000,3031,6969,,,,,,,,,,,,,,,,,
campaign_c,gen_n10000_rho0.3_correlated_seed6.pcf,dpac,0,0,5916279451,7385,7384,18274813076789775277,12800,23f703aa3bc9,2026-08-28T16:12:00Z,10000,3046,6954,,,,,,,,,,,,,,,,,
campaign_c,gen_n10000_rho0.3_correlated_seed6.pcf,dpac,1,0,5960113344,7385,7384,18274813076789775277,12800,23f703aa3bc9,2026-08-28T16:12:06Z,10000,3046,6954,,,,,,,,,,,,,,,,,
campaign_c,gen_n10000_rho0.3_correlated_seed7.pcf,dpac,0,0,5882752524,7446,7445,10323037889503138673,12800,23f703aa3bc9,2026-08-28T16:12:12Z,10000,2932,7068,,,,,,,,,,,,,,,,,
campaign_c,gen_n10000_rho0.3_correlated_seed7.pcf,dpac,1,0,5691060161,7446,7445,10323037889503138673,12800,23f703aa3bc9,2026-08-28T16:12:17Z,10000,2932,7068,,,,,,,,,,,,,,,,,
campaign_c,gen_n10000_rho0.3_correlated_seed8.pcf,dpac,0,0,5947061393,7488,7487,4532656030816079191,12800,23f703aa3bc9,2026-08-28T16:12:23Z,10000,3038,6962,,,,,,,,,,,,,,,,,
campaign_c,gen_n10000_rho0.3_correlated_seed8.pcf,dpac,1,0,5954861044,7488,7487,4532656030816079191,12800,23f703aa3bc9,2026-08-28T16:12:29Z,10000,3038,6962,,,,,,,,,,,,,,,,,
campaign_c,gen_n10000_rho0.3_correlated_seed9.pcf,dpac,0,0,5967903836,7444,7443,11724661049590503432,12800,23f703aa3bc9,2026-08-28T16:12:35Z,10000,2965,7035,,,,,,,,,,,,,,,,,
campaign_c,gen_n10000_rho0.3_correlated_seed9.pcf,dpac,1,0,5963127765,7444,7443,11724661049590503432,12800,23f703aa3bc9,2026-08-28T16:12:41Z,10000,2965,7035,,,,,,,,,,,,,,,,,
campaign_c,gen_n10000_rho0.3_exact-ties_seed0.pcf,dpac,0,0,1131007858,1231,1230,11817971045360714145,12800,23f703aa3bc9,2026-08-28T16:12:42Z,10000,2985,7015,,,,,,,,,,,,,,,,,
campaign_c,gen_n10000_rho0.3_exact-ties_seed0.pcf,dpac,1,0,1114146733,1231,1230,11817971045360714145,12800,23f703aa3bc9,2026-08-28T16:12:43Z,10000,2985,7015,,,,,,,,,,,,,,,,,
campaign_c,gen_n10000_rho0.3_exact-ties_seed1.pcf,dpac,0,0,1141712827,1227,1226,17613995460701011115,12800,23f703aa3bc9,2026-08-28T16:12:44Z,10000,2969,7031,,,,,,,,,,,,,,,,,
campaign_c,gen_n10000_rho0.3_exact-ties_seed1.pcf,dpac,1,0,1093112278,1227,1226,17613995460701011115,12800,23f703aa3bc9,2026-08-28T16:12:46Z,10000,2969,7031,,,,,,,,,,,,,,,,,
campaign_c,gen_n10000_rho0.3_exact-ties_seed2.pcf,dpac,0,0,1117163580,1231,1230,5496325481365601760,12800,23f703aa3bc9,2026-08-28T16:12:47Z,10000,3025,6975,,,,,,,,,,,,,,,,,
campaign_c,gen_n10000_rho0.3_exact-ties_seed2.pcf,dpac,1,0,1129479267,1231,1230,5496325481365601760,12800,23f703aa3bc9,2026-08-28T16:12:48Z,10000,3025,6975,,,,,,,,,,,,,,,,,
campaign_c,gen_n10000_rho0.3_exact-ties_seed3.pcf,dpac,0,0,1132440211,1234,1233,15359771459144021320,12800,23f703aa3bc9,2026-08-28T16:12:49Z,10000,2992,7008,,,,,,,,,,,,,,,,,
campaign_c,gen_n10000_rho0.3_exact-ties_seed3.pcf,dpac,1,0,1132982371,1234,1233,15359771459144021320,12800,23f703aa3bc9,2026-08-28T16:12:50Z,10000,2992,7008,,,,,,,,,,,,,,,,,
campaign_c,gen_n10000_rho0.3_exact-ties_seed4.pcf,dpac,0,0,1157517411,1248,1247,17082467320738542040,12800,23f703aa3bc9,2026-08-28T16:12:51Z,10000,3009,6991,,,,,,,,,,,,,,,,,
campaign_c,gen_n10000_rho0.3_exact-ties_seed4.pcf,dpac,1,0,1187703930,1248,1247,17082467320738542040,12800,23f703aa3bc9,2026-08-28T16:12:52Z,10000,3009,6991,,,,,,,,,,,,,,,,,
campaign_c,gen_n10000_rho0.3_exact-ties_seed5.pcf,dpac,0,0,1145355549,1211,1210,16450281766537896154,12800,23f703aa3bc9,2026-08-28T16:12:54Z,10000,2919,7081,,,,,,,,,,,,,,,,,
campaign_c,gen_n10000_rho0.3_exact-ties_seed5.pcf,dpac,1,0,1159402879,1211,1210,16450281766537896154,12800,23f703aa3bc9,2026-08-28T16:12:55Z,10000,2919,7081,,,,,,,,,,,,,,,,,
campaign_c,gen_n10000_rho0.3_exact-ties_seed6.pcf,dpac,0,0,1135490132,1248,1247,8079055025191833743,12800,23f703aa3bc9,2026-08-28T16:12:56Z,10000,3056,6944,,,,,,,,,,,,,,,,,
campaign_c,gen_n10000_rho0.3_exact-ties_seed6.pcf,dpac,1,0,1154454794,1248,1247,8079055025191833743,12800,23f703aa3bc9,2026-08-28T16:12:57Z,10000,3056,6944,,,,,,,,,,,,,,,,,
campaign_c,gen_n10000_rho0.3_exact-ties_seed7.pcf,dpac,0,0,1188436492,1261,1260,10823352525781018894,12800,23f703aa3bc9,2026-08-28T16:12:58Z,10000,2955,7045,,,,,,,,,,,,,,,,,
campaign_c,gen_n10000_rho0.3_exact-ties_seed7.pcf,dpac,1,0,1200523350,1261,1260,10823352525781018894,12800,23f703aa3bc9,2026-08-28T16:12:59Z,10000,2955,7045,,,,,,,,,,,,,,,,,
campaign_c,gen_n10000_rho0.3_exact-ties_seed8.pcf,dpac,0,0,1222130035,1263,1262,16348873998833200895,12800,23f703aa3bc9,2026-08-28T16:13:01Z,10000,3007,6993,,,,,,,,,,,,,,,,,
campaign_c,gen_n10000_rho0.3_exact-ties_seed8.pcf,dpac,1,0,1191743480,1263,1262,16348873998833200895,12800,23f703aa3bc9,2026-08-28T16:13:02Z,10000,3007,6993,,,,,,,,,,,,,,,,,
campaign_c,gen_n10000_rho0.3_exact-ties_seed9.pcf,dpac,0,0,1235598282,1240,1239,6744369499330982323,12800,23f703aa3bc9,2026-08-28T16:13:03Z,10000,2995,7005,,,,,,,,,,,,,,,,,
campaign_c,gen_n10000_rho0.3_exact-ties_seed9.pcf,dpac,1,0,1192050974,1240,1239,6744369499330982323,12800,23f703aa3bc9,2026-08-28T16:13:04Z,10000,2995,7005,,,,,,,,,,,,,,,,,
campaign_c,gen_n10000_rho0.3_independent-positive_seed0.pcf,dpac,0,0,6827332155,8320,8319,11966815063774336457,12800,23f703aa3bc9,2026-08-28T16:13:11Z,10000,3006,6994,,,,,,,,,,,,,,,,,
campaign_c,gen_n10000_rho0.3_independent-positive_seed0.pcf,dpac,1,0,6557334652,8320,8319,11966815063774336457,12800,23f703aa3bc9,2026-08-28T16:13:18Z,10000,3006,6994,,,,,,,,,,,,,,,,,
campaign_c,gen_n10000_rho0.3_independent-positive_seed1.pcf,dpac,0,0,6724687768,8314,8313,9112775241310630871,12800,23f703aa3bc9,2026-08-28T16:13:24Z,10000,3011,6989,,,,,,,,,,,,,,,,,
campaign_c,gen_n10000_rho0.3_independent-positive_seed1.pcf,dpac,1,0,6730628040,8314,8313,9112775241310630871,12800,23f703aa3bc9,2026-08-28T16:13:31Z,10000,3011,6989,,,,,,,,,,,,,,,,,
campaign_c,gen_n10000_rho0.3_independent-positive_seed2.pcf,dpac,0,0,6794657160,8281,8280,18066529494328726548,12800,23f703aa3bc9,2026-08-28T16:13:38Z,10000,3057,6943,,,,,,,,,,,,,,,,,
campaign_c,gen_n10000_rho0.3_independent-positive_seed2.pcf,dpac,1,0,6728312646,8281,8280,18066529494328726548,12800,23f703aa3bc9,2026-08-28T16:13:45Z,10000,3057,6943,,,,,,,,,,,,,,,,,
campaign_c,gen_n10000_rho0.3_independent-positive_seed3.pcf,dpac,0,0,6574710084,8367,8366,16593458325415866856,12800,23f703aa3bc9,2026-08-28T16:13:51Z,10000,2982,7018,,,,,,,,,,,,,,,,,
campaign_c,gen_n10000_rho0.3_independent-positive_seed3.pcf,dpac,1,0,6718590442,8367,8366,16593458325415866856,12800,23f703aa3bc9,2026-08-28T16:13:58Z,10000,2982,7018,,,,,,,,,,,,,,,,,
campaign_c,gen_n10000_rho0.3_independent-positive_seed4.pcf,dpac,0,0,6802480962,8288,8287,1783331918048069619,12800,23f703aa3bc9,2026-08-28T16:14:05Z,10000,3011,6989,,,,,,,,,,,,,,,,,
campaign_c,gen_n10000_rho0.3_independent-positive_seed4.pcf,dpac,1,0,6812636686,8288,8287,1783331918048069619,12800,23f703aa3bc9,2026-08-28T16:14:12Z,10000,3011,6989,,,,,,,,,,,,,,,,,
campaign_c,gen_n10000_rho0.3_independent-positive_seed5.pcf,dpac,0,0,6586698508,8322,8321,15599461033790651082,12800,23f703aa3bc9,2026-08-28T16:14:18Z,10000,3011,6989,,,,,,,,,,,,,,,,,
campaign_c,gen_n10000_rho0.3_independent-positive_seed5.pcf,dpac,1,0,6737804161,8322,8321,15599461033790651082,12800,23f703aa3bc9,2026-08-28T16:14:25Z,10000,3011,6989,,,,,,,,,,,,,,,,,
campaign_c,gen_n10000_rho0.3_independent-positive_seed6.pcf,dpac,0,0,6732288184,8280,8279,13276800951300129914,12960,23f703aa3bc9,2026-08-28T16:14:32Z,10000,3047,6953,,,,,,,,,,,,,,,,,
campaign_c,gen_n10000_rho0.3_independent-positive_seed6.pcf,dpac,1,0,6764933646,8280,8279,13276800951300129914,12960,23f703aa3bc9,2026-08-28T16:14:38Z,10000,3047,6953,,,,,,,,,,,,,,,,,
campaign_c,gen_n10000_rho0.3_independent-positive_seed7.pcf,dpac,0,0,6785969430,8364,8363,9439209326351056309,12960,23f703aa3bc9,2026-08-28T16:14:45Z,10000,2938,7062,,,,,,,,,,,,,,,,,
campaign_c,gen_n10000_rho0.3_independent-positive_seed7.pcf,dpac,1,0,6575605126,8364,8363,9439209326351056309,12960,23f703aa3bc9,2026-08-28T16:14:52Z,10000,2938,7062,,,,,,,,,,,,,,,,,
campaign_c,gen_n10000_rho0.3_independent-positive_seed8.pcf,dpac,0,0,6786452819,8288,8287,7154922938261202711,12960,23f703aa3bc9,2026-08-28T16:14:59Z,10000,3035,6965,,,,,,,,,,,,,,,,,
campaign_c,gen_n10000_rho0.3_independent-positive_seed8.pcf,dpac,1,0,6786753275,8288,8287,7154922938261202711,12960,23f703aa3bc9,2026-08-28T16:15:05Z,10000,3035,6965,,,,,,,,,,,,,,,,,
campaign_c,gen_n10000_rho0.3_independent-positive_seed9.pcf,dpac,0,0,6824270314,8375,8374,15820636865231367760,12960,23f703aa3bc9,2026-08-28T16:15:12Z,10000,3019,6981,,,,,,,,,,,,,,,,,
campaign_c,gen_n10000_rho0.3_independent-positive_seed9.pcf,dpac,1,0,6742775425,8375,8374,15820636865231367760,12960,23f703aa3bc9,2026-08-28T16:15:19Z,10000,3019,6981,,,,,,,,,,,,,,,,,
campaign_c,gen_n10000_rho0.3_independent-signed_seed0.pcf,dpac,0,0,6712291564,8362,8361,13435226759160887769,12960,23f703aa3bc9,2026-08-28T16:15:26Z,10000,3005,6995,,,,,,,,,,,,,,,,,
campaign_c,gen_n10000_rho0.3_independent-signed_seed0.pcf,dpac,1,0,6866453057,8362,8361,13435226759160887769,12960,23f703aa3bc9,2026-08-28T16:15:33Z,10000,3005,6995,,,,,,,,,,,,,,,,,
campaign_c,gen_n10000_rho0.3_independent-signed_seed1.pcf,dpac,0,0,6901887603,8427,8426,8592358039324216786,12960,23f703aa3bc9,2026-08-28T16:15:39Z,10000,3012,6988,,,,,,,,,,,,,,,,,
campaign_c,gen_n10000_rho0.3_independent-signed_seed1.pcf,dpac,1,0,6870870405,8427,8426,8592358039324216786,12960,23f703aa3bc9,2026-08-28T16:15:46Z,10000,3012,6988,,,,,,,,,,,,,,,,,
campaign_c,gen_n10000_rho0.3_independent-signed_seed2.pcf,dpac,0,0,6623277241,8386,8385,13343654450525242043,12960,23f703aa3bc9,2026-08-28T16:15:53Z,10000,3059,6941,,,,,,,,,,,,,,,,,
campaign_c,gen_n10000_rho0.3_independent-signed_seed2.pcf,dpac,1,0,6603031229,8386,8385,13343654450525242043,12960,23f703aa3bc9,2026-08-28T16:16:00Z,10000,3059,6941,,,,,,,,,,,,,,,,,
campaign_c,gen_n10000_rho0.3_independent-signed_seed3.pcf,dpac,0,0,6675161140,8419,8418,5225731827488458022,12960,23f703aa3bc9,2026-08-28T16:16:06Z,10000,2980,7020,,,,,,,,,,,,,,,,,
campaign_c,gen_n10000_rho0.3_independent-signed_seed3.pcf,dpac,1,0,6630851884,8419,8418,5225731827488458022,12960,23f703aa3bc9,2026-08-28T16:16:13Z,10000,2980,7020,,,,,,,,,,,,,,,,,
campaign_c,gen_n10000_rho0.3_independent-signed_seed4.pcf,dpac,0,0,6618046416,8407,8406,6446740479059468218,12960,23f703aa3bc9,2026-08-28T16:16:20Z,10000,3013,6987,,,,,,,,,,,,,,,,,
campaign_c,gen_n10000_rho0.3_independent-signed_seed4.pcf,dpac,1,0,6545102646,8407,8406,6446740479059468218,12960,23f703aa3bc9,2026-08-28T16:16:26Z,10000,3013,6987,,,,,,,,,,,,,,,,,
campaign_c,gen_n10000_rho0.3_independent-signed_seed5.pcf,dpac,0,0,6662137838,8404,8403,4752561758217444593,12960,23f703aa3bc9,2026-08-28T16:16:33Z,10000,3011,6989,,,,,,,,,,,,,,,,,
campaign_c,gen_n10000_rho0.3_independent-signed_seed5.pcf,dpac,1,0,6827206240,8404,8403,4752561758217444593,12960,23f703aa3bc9,2026-08-28T16:16:40Z,10000,3011,6989,,,,,,,,,,,,,,,,,
campaign_c,gen_n10000_rho0.3_independent-signed_seed6.pcf,dpac,0,0,6666159582,8385,8384,14857052717164658821,12960,23f703aa3bc9,2026-08-28T16:16:46Z,10000,3048,6952,,,,,,,,,,,,,,,,,
campaign_c,gen_n10000_rho0.3_independent-signed_seed6.pcf,dpac,1,0,6585261492,8385,8384,14857052717164658821,12960,23f703aa3bc9,2026-08-28T16:16:53Z,10000,3048,6952,,,,,,,,,,,,,,,,,
campaign_c,gen_n10000_rho0.3_independent-signed_seed7.pcf,dpac,0,0,6767950165,8449,8448,6440617276963396710,12960,23f703aa3bc9,2026-08-28T16:17:00Z,10000,2939,7061,,,,,,,,,,,,,,,,,
campaign_c,gen_n10000_rho0.3_independent-signed_seed7.pcf,dpac,1,0,6785664065,8449,8448,6440617276963396710,12960,23f703aa3bc9,2026-08-28T16:17:06Z,10000,2939,7061,,,,,,,,,,,,,,,,,
campaign_c,gen_n10000_rho0.3_independent-signed_seed8.pcf,dpac,0,0,6548364316,8357,8356,4702569625508669883,12960,23f703aa3bc9,2026-08-28T16:17:13Z,10000,3037,6963,,,,,,,,,,,,,,,,,
campaign_c,gen_n10000_rho0.3_independent-signed_seed8.pcf,dpac,1,0,6708699975,8357,8356,4702569625508669883,12960,23f703aa3bc9,2026-08-28T16:17:20Z,10000,3037,6963,,,,,,,,,,,,,,,,,
campaign_c,gen_n10000_rho0.3_independent-signed_seed9.pcf,dpac,0,0,6838136215,8370,8369,16405009235519817568,12960,23f703aa3bc9,2026-08-28T16:17:26Z,10000,3016,6984,,,,,,,,,,,,,,,,,
campaign_c,gen_n10000_rho0.3_independent-signed_seed9.pcf,dpac,1,0,6547490997,8370,8369,16405009235519817568,12960,23f703aa3bc9,2026-08-28T16:17:33Z,10000,3016,6984,,,,,,,,,,,,,,,,,
campaign_c,gen_n10000_rho0.3_near-ties_seed0.pcf,dpac,0,0,907311922,438,437,10163837459212443413,12960,23f703aa3bc9,2026-08-28T16:17:34Z,10000,3018,6982,,,,,,,,,,,,,,,,,
campaign_c,gen_n10000_rho0.3_near-ties_seed0.pcf,dpac,1,0,910095202,438,437,10163837459212443413,12960,23f703aa3bc9,2026-08-28T16:17:35Z,10000,3018,6982,,,,,,,,,,,,,,,,,
campaign_c,gen_n10000_rho0.3_near-ties_seed1.pcf,dpac,0,0,972056564,436,435,5049801226865551929,12960,23f703aa3bc9,2026-08-28T16:17:36Z,10000,2949,7051,,,,,,,,,,,,,,,,,
campaign_c,gen_n10000_rho0.3_near-ties_seed1.pcf,dpac,1,0,933847047,436,435,5049801226865551929,12960,23f703aa3bc9,2026-08-28T16:17:37Z,10000,2949,7051,,,,,,,,,,,,,,,,,
campaign_c,gen_n10000_rho0.3_near-ties_seed2.pcf,dpac,0,0,924966671,445,444,12339042370988270961,12960,23f703aa3bc9,2026-08-28T16:17:38Z,10000,3067,6933,,,,,,,,,,,,,,,,,
campaign_c,gen_n10000_rho0.3_near-ties_seed2.pcf,dpac,1,0,908933294,445,444,12339042370988270961,12960,23f703aa3bc9,2026-08-28T16:17:39Z,10000,3067,6933,,,,,,,,,,,,,,,,,
campaign_c,gen_n10000_rho0.3_near-ties_seed3.pcf,dpac,0,0,942033106,442,441,14754219528792051721,12960,23f703aa3bc9,2026-08-28T16:17:40Z,10000,2969,7031,,,,,,,,,,,,,,,,,
campaign_c,gen_n10000_rho0.3_near-ties_seed3.pcf,dpac,1,0,944353942,442,441,14754219528792051721,12960,23f703aa3bc9,2026-08-28T16:17:40Z,10000,2969,7031,,,,,,,,,,,,,,,,,
campaign_c,gen_n10000_rho0.3_near-ties_seed4.pcf,dpac,0,0,987990580,452,451,14516839693031991468,12960,23f703aa3bc9,2026-08-28T16:17:41Z,10000,3060,6940,,,,,,,,,,,,,,,,,
campaign_c,gen_n10000_rho0.3_near-ties_seed4.pcf,dpac,1,0,988886157,452,451,14516839693031991468,12960,23f703aa3bc9,2026-08-28T16:17:42Z,10000,3060,6940,,,,,,,,,,,,,,,,,
campaign_c,gen_n10000_rho0.3_near-ties_seed5.pcf,dpac,0,0,956094277,455,454,9673864591264311050,12960,23f703aa3bc9,2026-08-28T16:17:43Z,10000,2983,7017,,,,,,,,,,,,,,,,,
campaign_c,gen_n10000_rho0.3_near-ties_seed5.pcf,dpac,1,0,958684502,455,454,9673864591264311050,12960,23f703aa3bc9,2026-08-28T16:17:44Z,10000,2983,7017,,,,,,,,,,,,,,,,,
campaign_c,gen_n10000_rho0.3_near-ties_seed6.pcf,dpac,0,0,916725211,443,442,8197126166247964779,12960,23f703aa3bc9,2026-08-28T16:17:45Z,10000,2962,7038,,,,,,,,,,,,,,,,,
campaign_c,gen_n10000_rho0.3_near-ties_seed6.pcf,dpac,1,0,925280385,443,442,8197126166247964779,12960,23f703aa3bc9,2026-08-28T16:17:46Z,10000,2962,7038,,,,,,,,,,,,,,,,,
campaign_c,gen_n10000_rho0.3_near-ties_seed7.pcf,dpac,0,0,925747402,450,449,5508002225517635938,12960,23f703aa3bc9,2026-08-28T16:17:47Z,10000,2928,7072,,,,,,,,,,,,,,,,,
campaign_c,gen_n10000_rho0.3_near-ties_seed7.pcf,dpac,1,0,930101049,450,449,5508002225517635938,12960,23f703aa3bc9,2026-08-28T16:17:48Z,10000,2928,7072,,,,,,,,,,,,,,,,,
campaign_c,gen_n10000_rho0.3_near-ties_seed8.pcf,dpac,0,0,944576751,438,437,10011237628079685422,12960,23f703aa3bc9,2026-08-28T16:17:49Z,10000,3017,6983,,,,,,,,,,,,,,,,,
campaign_c,gen_n10000_rho0.3_near-ties_seed8.pcf,dpac,1,0,950125158,438,437,10011237628079685422,12960,23f703aa3bc9,2026-08-28T16:17:50Z,10000,3017,6983,,,,,,,,,,,,,,,,,
campaign_c,gen_n10000_rho0.3_near-ties_seed9.pcf,dpac,0,0,900126325,463,462,888263408202771267,12960,23f703aa3bc9,2026-08-28T16:17:51Z,10000,2984,7016,,,,,,,,,,,,,,,,,
campaign_c,gen_n10000_rho0.3_near-ties_seed9.pcf,dpac,1,0,904265439,463,462,888263408202771267,12960,23f703aa3bc9,2026-08-28T16:17:52Z,10000,2984,7016,,,,,,,,,,,,,,,,,
campaign_c,gen_n10000_rho0.6_anti-correlated_seed0.pcf,dpac,0,0,6779321752,6737,6736,1490914478511497468,13120,23f703aa3bc9,2026-08-28T16:17:59Z,10000,6114,3886,,,,,,,,,,,,,,,,,
campaign_c,gen_n10000_rho0.6_anti-correlated_seed0.pcf,dpac,1,0,6951150357,6737,6736,1490914478511497468,13120,23f703aa3bc9,2026-08-28T16:18:06Z,10000,6114,3886,,,,,,,,,,,,,,,,,
campaign_c,gen_n10000_rho0.6_anti-correlated_seed1.pcf,dpac,0,0,7023161593,6808,6807,7868174284718325523,13120,23f703aa3bc9,2026-08-28T16:18:13Z,10000,5998,4002,,,,,,,,,,,,,,,,,
campaign_c,gen_n10000_rho0.6_anti-correlated_seed1.pcf,dpac,1,0,6777111152,6808,6807,7868174284718325523,13120,23f703aa3bc9,2026-08-28T16:18:19Z,10000,5998,4002,,,,,,,,,,,,,,,,,
campaign_c,gen_n10000_rho0.6_anti-correlated_seed2.pcf,dpac,0,0,6947237573,6816,6815,2738522832630958887,13120,23f703aa3bc9,2026-08-28T16:18:26Z,10000,5969,4031,,,,,,,,,,,,,,,,,
campaign_c,gen_n10000_rho0.6_anti-correlated_seed2.pcf,dpac,1,0,7108219744,6816,6815,2738522832630958887,13120,23f703aa3bc9,2026-08-28T16:18:33Z,10000,5969,4031,,,,,,,,,,,,,,,,,
campaign_c,gen_n10000_rho0.6_anti-correlated_seed3.pcf,dpac,0,0,6803227615,6838,6837,3469940820038494208,13120,23f703aa3bc9,2026-08-28T16:18:40Z,10000,6032,3968,,,,,,,,,,,,,,,,,
campaign_c,gen_n10000_rho0.6_anti-correlated_seed3.pcf,dpac,1,0,6984933091,6838,6837,3469940820038494208,13120,23f703aa3bc9,2026-08-28T16:18:47Z,10000,6032,3968,,,,,,,,,,,,,,,,,
campaign_c,gen_n10000_rho0.6_anti-correlated_seed4.pcf,dpac,0,0,7054693591,6774,6773,6666169989301449708,13120,23f703aa3bc9,2026-08-28T16:18:54Z,10000,6025,3975,,,,,,,,,,,,,,,,,
campaign_c,gen_n10000_rho0.6_anti-correlated_seed4.pcf,dpac,1,0,6815582529,6774,6773,6666169989301449708,13120,23f703aa3bc9,2026-08-28T16:19:01Z,10000,6025,3975,,,,,,,,,,,,,,,,,
campaign_c,gen_n10000_rho0.6_anti-correlated_seed5.pcf,dpac,0,0,6890527438,6820,6819,13793456375071885278,13120,23f703aa3bc9,2026-08-28T16:19:08Z,10000,5998,4002,,,,,,,,,,,,,,,,,
campaign_c,gen_n10000_rho0.6_anti-correlated_seed5.pcf,dpac,1,0,7134848310,6820,6819,13793456375071885278,13120,23f703aa3bc9,2026-08-28T16:19:15Z,10000,5998,4002,,,,,,,,,,,,,,,,,
campaign_c,gen_n10000_rho0.6_anti-correlated_seed6.pcf,dpac,0,0,6857846457,6840,6839,12351069747129061178,13120,23f703aa3bc9,2026-08-28T16:19:22Z,10000,6032,3968,,,,,,,,,,,,,,,,,
campaign_c,gen_n10000_rho0.6_anti-correlated_seed6.pcf,dpac,1,0,6865644800,6840,6839,12351069747129061178,13120,23f703aa3bc9,2026-08-28T16:19:29Z,10000,6032,3968,,,,,,,,,,,,,,,,,
campaign_c,gen_n10000_rho0.6_anti-correlated_seed7.pcf,dpac,0,0,7026689936,6845,6844,17868358261624014152,13120,23f703aa3bc9,2026-08-28T16:19:36Z,10000,5979,4021,,,,,,,,,,,,,,,,,
campaign_c,gen_n10000_rho0.6_anti-correlated_seed7.pcf,dpac,1,0,6951322938,6845,6844,17868358261624014152,13120,23f703aa3bc9,2026-08-28T16:19:43Z,10000,5979,4021,,,,,,,,,,,,,,,,,
campaign_c,gen_n10000_rho0.6_anti-correlated_seed8.pcf,dpac,0,0,6858913832,6861,6860,9843223879120413577,13120,23f703aa3bc9,2026-08-28T16:19:50Z,10000,6032,3968,,,,,,,,,,,,,,,,,
campaign_c,gen_n10000_rho0.6_anti-correlated_seed8.pcf,dpac,1,0,7074875333,6861,6860,9843223879120413577,13120,23f703aa3bc9,2026-08-28T16:19:57Z,10000,6032,3968,,,,,,,,,,,,,,,,,
campaign_c,gen_n10000_rho0.6_anti-correlated_seed9.pcf,dpac,0,0,6972230096,6799,6798,7789479381967885997,13120,23f703aa3bc9,2026-08-28T16:20:04Z,10000,6063,3937,,,,,,,,,,,,,,,,,
campaign_c,gen_n10000_rho0.6_anti-correlated_seed9.pcf,dpac,1,0,6761543539,6799,6798,7789479381967885997,13120,23f703aa3bc9,2026-08-28T16:20:11Z,10000,6063,3937,,,,,,,,,,,,,,,,,
campaign_c,gen_n10000_rho0.6_correlated_seed0.pcf,dpac,0,0,6420793868,6256,6255,16007016945803314990,13120,23f703aa3bc9,2026-08-28T16:20:17Z,10000,6114,3886,,,,,,,,,,,,,,,,,
campaign_c,gen_n10000_rho0.6_correlated_seed0.pcf,dpac,1,0,6647793076,6256,6255,16007016945803314990,13120,23f703aa3bc9,2026-08-28T16:20:24Z,10000,6114,3886,,,,,,,,,,,,,,,,,
campaign_c,gen_n10000_rho0.6_correlated_seed1.pcf,dpac,0,0,6226691561,6273,6272,2087595173865963089,13120,23f703aa3bc9,2026-08-28T16:20:30Z,10000,5998,4002,,,,,,,,,,,,,,,,,
campaign_c,gen_n10000_rho0.6_correlated_seed1.pcf,dpac,1,0,6345663972,6273,6272,2087595173865963089,13120,23f703aa3bc9,2026-08-28T16:20:36Z,10000,5998,4002,,,,,,,,,,,,,,,,,
campaign_c,gen_n10000_rho0.6_correlated_seed2.pcf,dpac,0,0,6443950478,6292,6291,9340709531345380109,13120,23f703aa3bc9,2026-08-28T16:20:43Z,10000,5969,4031,,,,,,,,,,,,,,,,,
campaign_c,gen_n10000_rho0.6_correlated_seed2.pcf,dpac,1,0,6382330004,6292,6291,9340709531345380109,13120,23f703aa3bc9,2026-08-28T16:20:49Z,10000,5969,4031,,,,,,,,,,,,,,,,,
campaign_c,gen_n10000_rho0.6_correlated_seed3.pcf,dpac,0,0,6291951334,6280,6279,14192706731271065673,13120,23f703aa3bc9,2026-08-28T16:20:55Z,10000,6032,3968,,,,,,,,,,,,,,,,,
campaign_c,gen_n10000_rho0.6_correlated_seed3.pcf,dpac,1,0,6432270236,6280,6279,14192706731271065673,13120,23f703aa3bc9,2026-08-28T16:21:02Z,10000,6032,3968,,,,,,,,,,,,,,,,,
campaign_c,gen_n10000_rho0.6_correlated_seed4.pcf,dpac,0,0,6497625189,6247,6246,9951081260378801017,13120,23f703aa3bc9,2026-08-28T16:21:08Z,10000,6025,3975,,,,,,,,,,,,,,,,,
campaign_c,gen_n10000_rho0.6_correlated_seed4.pcf,dpac,1,0,6179018455,6247,6246,9951081260378801017,13120,23f703aa3bc9,2026-08-28T16:21:14Z,10000,6025,3975,,,,,,,,,,,,,,,,,
campaign_c,gen_n10000_rho0.6_correlated_seed5.pcf,dpac,0,0,6333431893,6328,6327,5489005777425107547,13120,23f703aa3bc9,2026-08-28T16:21:21Z,10000,5998,4002,,,,,,,,,,,,,,,,,
campaign_c,gen_n10000_rho0.6_correlated_seed5.pcf,dpac,1,0,6492172999,6328,6327,5489005777425107547,13120,23f703aa3bc9,2026-08-28T16:21:27Z,10000,5998,4002,,,,,,,,,,,,,,,,,
campaign_c,gen_n10000_rho0.6_correlated_seed6.pcf,dpac,0,0,6325982629,6262,6261,6966359466728817567,13120,23f703aa3bc9,2026-08-28T16:21:34Z,10000,6032,3968,,,,,,,,,,,,,,,,,
campaign_c,gen_n10000_rho0.6_correlated_seed6.pcf,dpac,1,0,6297410366,6262,6261,6966359466728817567,13120,23f703aa3bc9,2026-08-28T16:21:40Z,10000,6032,3968,,,,,,,,,,,,,,,,,
campaign_c,gen_n10000_rho0.6_correlated_seed7.pcf,dpac,0,0,6426072770,6294,6293,15961687085821821437,13120,23f703aa3bc9,2026-08-28T16:21:46Z,10000,5979,4021,,,,,,,,,,,,,,,,,
campaign_c,gen_n10000_rho0.6_correlated_seed7.pcf,dpac,1,0,6531333121,6294,6293,15961687085821821437,13120,23f703aa3bc9,2026-08-28T16:21:53Z,10000,5979,4021,,,,,,,,,,,,,,,,,
campaign_c,gen_n10000_rho0.6_correlated_seed8.pcf,dpac,0,0,6184883148,6308,6307,982812517326245093,13120,23f703aa3bc9,2026-08-28T16:21:59Z,10000,6032,3968,,,,,,,,,,,,,,,,,
campaign_c,gen_n10000_rho0.6_correlated_seed8.pcf,dpac,1,0,6357166648,6308,6307,982812517326245093,13120,23f703aa3bc9,2026-08-28T16:22:05Z,10000,6032,3968,,,,,,,,,,,,,,,,,
campaign_c,gen_n10000_rho0.6_correlated_seed9.pcf,dpac,0,0,6491450838,6310,6309,14130348074372874884,13120,23f703aa3bc9,2026-08-28T16:22:12Z,10000,6063,3937,,,,,,,,,,,,,,,,,
campaign_c,gen_n10000_rho0.6_correlated_seed9.pcf,dpac,1,0,6287421119,6310,6309,14130348074372874884,13120,23f703aa3bc9,2026-08-28T16:22:18Z,10000,6063,3937,,,,,,,,,,,,,,,,,
campaign_c,gen_n10000_rho0.6_exact-ties_seed0.pcf,dpac,0,0,2534386472,1723,1722,14227295258525648864,13120,23f703aa3bc9,2026-08-28T16:22:21Z,10000,6020,3980,,,,,,,,,,,,,,,,,
campaign_c,gen_n10000_rho0.6_exact-ties_seed0.pcf,dpac,1,0,2587873988,1723,1722,14227295258525648864,13120,23f703aa3bc9,2026-08-28T16:22:23Z,10000,6020,3980,,,,,,,,,,,,,,,,,
campaign_c,gen_n10000_rho0.6_exact-ties_seed1.pcf,dpac,0,0,2596494533,1729,1728,12348676020274729534,13120,23f703aa3bc9,2026-08-28T16:22:26Z,10000,6064,3936,,,,,,,,,,,,,,,,,
campaign_c,gen_n10000_rho0.6_exact-ties_seed1.pcf,dpac,1,0,2631365857,1729,1728,12348676020274729534,13120,23f703aa3bc9,2026-08-28T16:22:29Z,10000,6064,3936,,,,,,,,,,,,,,,,,
campaign_c,gen_n10000_rho0.6_exact-ties_seed2.pcf,dpac,0,0,2671471736,1781,1780,10302984089325611224,13120,23f703aa3bc9,2026-08-28T16:22:31Z,10000,6048,3952,,,,,,,,,,,,,,,,,
campaign_c,gen_n10000_rho0.6_exact-ties_seed2.pcf,dpac,1,0,2699263200,1781,1780,10302984089325611224,13120,23f703aa3bc9,2026-08-28T16:22:34Z,10000,6048,3952,,,,,,,,,,,,,,,,,
campaign_c,gen_n10000_rho0.6_exact-ties_seed3.pcf,dpac,0,0,2635990041,1708,1707,3189804408532662749,13120,23f703aa3bc9,2026-08-28T16:22:37Z,10000,6074,3926,,,,,,,,,,,,,,,,,
campaign_c,gen_n10000_rho0.6_exact-ties_seed3.pcf,dpac,1,0,2409205664,1708,1707,3189804408532662749,13120,23f703aa3bc9,2026-08-28T16:22:39Z,10000,6074,3926,,,,,,,,,,,,,,,,,
campaign_c,gen_n10000_rho0.6_exact-ties_seed4.pcf,dpac,0,0,2515688845,1711,1710,17602718389181372426,13280,23f703aa3bc9,2026-08-28T16:22:42Z,10000,6088,3912,,,,,,,,,,,,,,,,,
campaign_c,gen_n10000_rho0.6_exact-ties_seed4.pcf,dpac,1,0,2556012338,1711,1710,17602718389181372426,13280,23f703aa3bc9,2026-08-28T16:22:44Z,10000,6088,3912,,,,,,,,,,,,,,,,,
campaign_c,gen_n10000_rho0.6_exact-ties_seed5.pcf,dpac,0,0,2580050617,1756,1755,15383707413211672877,13280,23f703aa3bc9,2026-08-28T16:22:47Z,10000,5949,4051,,,,,,,,,,,,,,,,,
campaign_c,gen_n10000_rho0.6_exact-ties_seed5.pcf,dpac,1,0,2604851057,1756,1755,15383707413211672877,13280,23f703aa3bc9,2026-08-28T16:22:49Z,10000,5949,4051,,,,,,,,,,,,,,,,,
campaign_c,gen_n10000_rho0.6_exact-ties_seed6.pcf,dpac,0,0,2605492572,1728,1727,7146395901661927989,13280,23f703aa3bc9,2026-08-28T16:22:52Z,10000,5938,4062,,,,,,,,,,,,,,,,,
campaign_c,gen_n10000_rho0.6_exact-ties_seed6.pcf,dpac,1,0,2637963602,1728,1727,7146395901661927989,13280,23f703aa3bc9,2026-08-28T16:22:55Z,10000,5938,4062,,,,,,,,,,,,,,,,,
campaign_c,gen_n10000_rho0.6_exact-ties_seed7.pcf,dpac,0,0,2666569649,1726,1725,6814686330896217854,13280,23f703aa3bc9,2026-08-28T16:22:57Z,10000,5988,4012,,,,,,,,,,,,,,,,,
campaign_c,gen_n10000_rho0.6_exact-ties_seed7.pcf,dpac,1,0,2557038780,1726,1725,6814686330896217854,13280,23f703aa3bc9,2026-08-28T16:23:00Z,10000,5988,4012,,,,,,,,,,,,,,,,,
campaign_c,gen_n10000_rho0.6_exact-ties_seed8.pcf,dpac,0,0,2493939737,1760,1759,11277216617593419914,13280,23f703aa3bc9,2026-08-28T16:23:02Z,10000,6091,3909,,,,,,,,,,,,,,,,,
campaign_c,gen_n10000_rho0.6_exact-ties_seed8.pcf,dpac,1,0,2543548981,1760,1759,11277216617593419914,13280,23f703aa3bc9,2026-08-28T16:23:05Z,10000,6091,3909,,,,,,,,,,,,,,,,,
campaign_c,gen_n10000_rho0.6_exact-ties_seed9.pcf,dpac,0,0,2559899339,1717,1716,7273970936071548523,13280,23f703aa3bc9,2026-08-28T16:23:07Z,10000,6099,3901,,,,,,,,,,,,,,,,,
campaign_c,gen_n10000_rho0.6_exact-ties_seed9.pcf,dpac,1,0,2585222084,1717,1716,7273970936071548523,13280,23f703aa3bc9,2026-08-28T16:23:10Z,10000,6099,3901,,,,,,,,,,,,,,,,,
campaign_c,gen_n10000_rho0.6_independent-positive_seed0.pcf,dpac,0,0,7088455440,6899,6898,18224979103311882818,13280,23f703aa3bc9,2026-08-28T16:23:17Z,10000,6044,3956,,,,,,,,,,,,,,,,,
campaign_c,gen_n10000_rho0.6_independent-positive_seed0.pcf,dpac,1,0,6943778922,6899,6898,18224979103311882818,13280,23f703aa3bc9,2026-08-28T16:23:24Z,10000,6044,3956,,,,,,,,,,,,,,,,,
campaign_c,gen_n10000_rho0.6_independent-positive_seed1.pcf,dpac,0,0,6882817994,6851,6850,5705046505548047703,13280,23f703aa3bc9,2026-08-28T16:23:31Z,10000,6047,3953,,,,,,,,,,,,,,,,,
campaign_c,gen_n10000_rho0.6_independent-positive_seed1.pcf,dpac,1,0,7135280839,6851,6850,5705046505548047703,13280,23f703aa3bc9,2026-08-28T16:23:38Z,10000,6047,3953,,,,,,,,,,,,,,,,,
campaign_c,gen_n10000_rho0.6_independent-positive_seed2.pcf,dpac,0,0,6986777564,6883,6882,10400795189380804943,13280,23f703aa3bc9,2026-08-28T16:23:45Z,10000,5974,4026,,,,,,,,,,,,,,,,,
campaign_c,gen_n10000_rho0.6_independent-positive_seed2.pcf,dpac,1,0,6967087930,6883,6882,10400795189380804943,13280,23f703aa3bc9,2026-08-28T16:23:52Z,10000,5974,4026,,,,,,,,,,,,,,,,,
campaign_c,gen_n10000_rho0.6_independent-positive_seed3.pcf,dpac,0,0,7124853616,6847,6846,12823953421963227830,13280,23f703aa3bc9,2026-08-28T16:23:59Z,10000,6033,3967,,,,,,,,,,,,,,,,,
campaign_c,gen_n10000_rho0.6_independent-positive_seed3.pcf,dpac,1,0,6960209928,6847,6846,12823953421963227830,13280,23f703aa3bc9,2026-08-28T16:24:06Z,10000,6033,3967,,,,,,,,,,,,,,,,,
campaign_c,gen_n10000_rho0.6_independent-positive_seed4.pcf,dpac,0,0,6967671576,6858,6857,18225305322187577039,13280,23f703aa3bc9,2026-08-28T16:24:13Z,10000,6060,3940,,,,,,,,,,,,,,,,,
campaign_c,gen_n10000_rho0.6_independent-positive_seed4.pcf,dpac,1,0,7149223672,6858,6857,18225305322187577039,13280,23f703aa3bc9,2026-08-28T16:24:20Z,10000,6060,3940,,,,,,,,,,,,,,,,,
campaign_c,gen_n10000_rho0.6_independent-positive_seed5.pcf,dpac,0,0,6892884377,6863,6862,5830852312615412516,13280,23f703aa3bc9,2026-08-28T16:24:27Z,10000,5962,4038,,,,,,,,,,,,,,,,,
campaign_c,gen_n10000_rho0.6_independent-positive_seed5.pcf,dpac,1,0,6935283011,6863,6862,5830852312615412516,13280,23f703aa3bc9,2026-08-28T16:24:34Z,10000,5962,4038,,,,,,,,,,,,,,,,,
campaign_c,gen_n10000_rho0.6_independent-positive_seed6.pcf,dpac,0,0,7126970832,6882,6881,650072934820785312,13280,23f703aa3bc9,2026-08-28T16:24:41Z,10000,5948,4052,,,,,,,,,,,,,,,,,
campaign_c,gen_n10000_rho0.6_independent-positive_seed6.pcf,dpac,1,0,6851285557,6882,6881,650072934820785312,13280,23f703aa3bc9,2026-08-28T16:24:48Z,10000,5948,4052,,,,,,,,,,,,,,,,,
campaign_c,gen_n10000_rho0.6_independent-positive_seed7.pcf,dpac,0,0,7000996675,6884,6883,4681065262029247693,13280,23f703aa3bc9,2026-08-28T16:24:55Z,10000,5988,4012,,,,,,,,,,,,,,,,,
campaign_c,gen_n10000_rho0.6_independent-positive_seed7.pcf,dpac,1,0,7113316250,6884,6883,4681065262029247693,13280,23f703aa3bc9,2026-08-28T16:25:02Z,10000,5988,4012,,,,,,,,,,,,,,,,,
campaign_c,gen_n10000_rho0.6_independent-positive_seed8.pcf,dpac,0,0,6838564457,6851,6850,6672924017636296857,13280,23f703aa3bc9,2026-08-28T16:25:09Z,10000,6078,3922,,,,,,,,,,,,,,,,,
campaign_c,gen_n10000_rho0.6_independent-positive_seed8.pcf,dpac,1,0,7060330054,6851,6850,6672924017636296857,13280,23f703aa3bc9,2026-08-28T16:25:16Z,10000,6078,3922,,,,,,,,,,,,,,,,,
campaign_c,gen_n10000_rho0.6_independent-positive_seed9.pcf,dpac,0,0,7121223907,6864,6863,560620561310684267,13280,23f703aa3bc9,2026-08-28T16:25:23Z,10000,6111,3889,,,,,,,,,,,,,,,,,
campaign_c,gen_n10000_rho0.6_independent-positive_seed9.pcf,dpac,1,0,6943621736,6864,6863,560620561310684267,13280,23f703aa3bc9,2026-08-28T16:25:30Z,10000,6111,3889,,,,,,,,,,,,,,,,,
campaign_c,gen_n10000_rho0.6_independent-signed_seed0.pcf,dpac,0,0,7166227549,6926,6925,16558950003243182838,13280,23f703aa3bc9,2026-08-28T16:25:37Z,10000,6044,3956,,,,,,,,,,,,,,,,,
campaign_c,gen_n10000_rho0.6_independent-signed_seed0.pcf,dpac,1,0,7043643136,6926,6925,16558950003243182838,13280,23f703aa3bc9,2026-08-28T16:25:44Z,10000,6044,3956,,,,,,,,,,,,,,,,,
campaign_c,gen_n10000_rho0.6_independent-signed_seed1.pcf,dpac,0,0,7000928241,6913,6912,6703632990168914983,13280,23f703aa3bc9,2026-08-28T16:25:51Z,10000,6048,3952,,,,,,,,,,,,,,,,,
campaign_c,gen_n10000_rho0.6_independent-signed_seed1.pcf,dpac,1,0,7198918632,6913,6912,6703632990168914983,13280,23f703aa3bc9,2026-08-28T16:25:59Z,10000,6048,3952,,,,,,,,,,,,,,,,,
campaign_c,gen_n10000_rho0.6_independent-signed_seed2.pcf,dpac,0,0,6946466916,6862,6861,17233852235208319658,13280,23f703aa3bc9,2026-08-28T16:26:05Z,10000,5976,4024,,,,,,,,,,,,,,,,,
campaign_c,gen_n10000_rho0.6_independent-signed_seed2.pcf,dpac,1,0,6984288103,6862,6861,17233852235208319658,13280,23f703aa3bc9,2026-08-28T16:26:12Z,10000,5976,4024,,,,,,,,,,,,,,,,,
campaign_c,gen_n10000_rho0.6_independent-signed_seed3.pcf,dpac,0,0,7170708324,6910,6909,5420173928725161104,13280,23f703aa3bc9,2026-08-28T16:26:20Z,10000,6034,3966,,,,,,,,,,,,,,,,,
campaign_c,gen_n10000_rho0.6_independent-signed_seed3.pcf,dpac,1,0,6962925729,6910,6909,5420173928725161104,13280,23f703aa3bc9,2026-08-28T16:26:27Z,10000,6034,3966,,,,,,,,,,,,,,,,,
campaign_c,gen_n10000_rho0.6_independent-signed_seed4.pcf,dpac,0,0,7017210410,6867,6866,7011976308872140224,13280,23f703aa3bc9,2026-08-28T16:26:34Z,10000,6062,3938,,,,,,,,,,,,,,,,,
campaign_c,gen_n10000_rho0.6_independent-signed_seed4.pcf,dpac,1,0,7220663342,6867,6866,7011976308872140224,13280,23f703aa3bc9,2026-08-28T16:26:41Z,10000,6062,3938,,,,,,,,,,,,,,,,,
campaign_c,gen_n10000_rho0.6_independent-signed_seed5.pcf,dpac,0,0,6868776126,6955,6954,2988694163553420633,13280,23f703aa3bc9,2026-08-28T16:26:48Z,10000,5963,4037,,,,,,,,,,,,,,,,,
campaign_c,gen_n10000_rho0.6_independent-signed_seed5.pcf,dpac,1,0,7071558686,6955,6954,2988694163553420633,13280,23f703aa3bc9,2026-08-28T16:26:55Z,10000,5963,4037,,,,,,,,,,,,,,,,,
campaign_c,gen_n10000_rho0.6_independent-signed_seed6.pcf,dpac,0,0,7145714018,7064,7063,9648610004045008593,13280,23f703aa3bc9,2026-08-28T16:27:02Z,10000,5934,4066,,,,,,,,,,,,,,,,,
campaign_c,gen_n10000_rho0.6_independent-signed_seed6.pcf,dpac,1,0,6862003757,7064,7063,9648610004045008593,13280,23f703aa3bc9,2026-08-28T16:27:09Z,10000,5934,4066,,,,,,,,,,,,,,,,,
campaign_c,gen_n10000_rho0.6_independent-signed_seed7.pcf,dpac,0,0,7039149839,6921,6920,16579536145793348138,13280,23f703aa3bc9,2026-08-28T16:27:16Z,10000,5988,4012,,,,,,,,,,,,,,,,,
campaign_c,gen_n10000_rho0.6_independent-signed_seed7.pcf,dpac,1,0,7202688760,6921,6920,16579536145793348138,13280,23f703aa3bc9,2026-08-28T16:27:23Z,10000,5988,4012,,,,,,,,,,,,,,,,,
campaign_c,gen_n10000_rho0.6_independent-signed_seed8.pcf,dpac,0,0,6801716161,6883,6882,10469729617186225014,13440,23f703aa3bc9,2026-08-28T16:27:30Z,10000,6078,3922,,,,,,,,,,,,,,,,,
campaign_c,gen_n10000_rho0.6_independent-signed_seed8.pcf,dpac,1,0,7008209511,6883,6882,10469729617186225014,13440,23f703aa3bc9,2026-08-28T16:27:37Z,10000,6078,3922,,,,,,,,,,,,,,,,,
campaign_c,gen_n10000_rho0.6_independent-signed_seed9.pcf,dpac,0,0,7254530890,6875,6874,15165899931404601142,13440,23f703aa3bc9,2026-08-28T16:27:44Z,10000,6113,3887,,,,,,,,,,,,,,,,,
campaign_c,gen_n10000_rho0.6_independent-signed_seed9.pcf,dpac,1,0,6885208812,6875,6874,15165899931404601142,13440,23f703aa3bc9,2026-08-28T16:27:51Z,10000,6113,3887,,,,,,,,,,,,,,,,,
campaign_c,gen_n10000_rho0.6_near-ties_seed0.pcf,dpac,0,0,2055441171,622,621,12494142231061312201,13440,23f703aa3bc9,2026-08-28T16:27:53Z,10000,6087,3913,,,,,,,,,,,,,,,,,
campaign_c,gen_n10000_rho0.6_near-ties_seed0.pcf,dpac,1,0,2063697679,622,621,12494142231061312201,13440,23f703aa3bc9,2026-08-28T16:27:55Z,10000,6087,3913,,,,,,,,,,,,,,,,,
campaign_c,gen_n10000_rho0.6_near-ties_seed1.pcf,dpac,0,0,2003458256,604,603,10834398331347290913,13440,23f703aa3bc9,2026-08-28T16:27:57Z,10000,6032,3968,,,,,,,,,,,,,,,,,
campaign_c,gen_n10000_rho0.6_near-ties_seed1.pcf,dpac,1,0,2036732540,604,603,10834398331347290913,13440,23f703aa3bc9,2026-08-28T16:27:59Z,10000,6032,3968,,,,,,,,,,,,,,,,,
campaign_c,gen_n10000_rho0.6_near-ties_seed2.pcf,dpac,0,0,2076276679,626,625,14382686539351008723,13440,23f703aa3bc9,2026-08-28T16:28:01Z,10000,6026,3974,,,,,,,,,,,,,,,,,
campaign_c,gen_n10000_rho0.6_near-ties_seed2.pcf,dpac,1,0,2084643587,626,625,14382686539351008723,13440,23f703aa3bc9,2026-08-28T16:28:03Z,10000,6026,3974,,,,,,,,,,,,,,,,,
campaign_c,gen_n10000_rho0.6_near-ties_seed3.pcf,dpac,0,0,2122029695,621,620,3427236902402155474,13440,23f703aa3bc9,2026-08-28T16:28:06Z,10000,6052,3948,,,,,,,,,,,,,,,,,
campaign_c,gen_n10000_rho0.6_near-ties_seed3.pcf,dpac,1,0,2132978414,621,620,3427236902402155474,13440,23f703aa3bc9,2026-08-28T16:28:08Z,10000,6052,3948,,,,,,,,,,,,,,,,,
campaign_c,gen_n10000_rho0.6_near-ties_seed4.pcf,dpac,0,0,2001143908,622,621,16304649938363940537,13440,23f703aa3bc9,2026-08-28T16:28:10Z,10000,6034,3966,,,,,,,,,,,,,,,,,
campaign_c,gen_n10000_rho0.6_near-ties_seed4.pcf,dpac,1,0,2005337178,622,621,16304649938363940537,13440,23f703aa3bc9,2026-08-28T16:28:12Z,10000,6034,3966,,,,,,,,,,,,,,,,,
campaign_c,gen_n10000_rho0.6_near-ties_seed5.pcf,dpac,0,0,2152878707,611,610,5888991283382766070,13440,23f703aa3bc9,2026-08-28T16:28:14Z,10000,5956,4044,,,,,,,,,,,,,,,,,
campaign_c,gen_n10000_rho0.6_near-ties_seed5.pcf,dpac,1,0,2168989310,611,610,5888991283382766070,13440,23f703aa3bc9,2026-08-28T16:28:16Z,10000,5956,4044,,,,,,,,,,,,,,,,,
campaign_c,gen_n10000_rho0.6_near-ties_seed6.pcf,dpac,0,0,2056008127,569,568,16267196436980608559,13440,23f703aa3bc9,2026-08-28T16:28:18Z,10000,5991,4009,,,,,,,,,,,,,,,,,
campaign_c,gen_n10000_rho0.6_near-ties_seed6.pcf,dpac,1,0,2096109521,569,568,16267196436980608559,13440,23f703aa3bc9,2026-08-28T16:28:20Z,10000,5991,4009,,,,,,,,,,,,,,,,,
campaign_c,gen_n10000_rho0.6_near-ties_seed7.pcf,dpac,0,0,2216336770,601,600,388268829303802598,13440,23f703aa3bc9,2026-08-28T16:28:22Z,10000,6013,3987,,,,,,,,,,,,,,,,,
campaign_c,gen_n10000_rho0.6_near-ties_seed7.pcf,dpac,1,0,2188077627,601,600,388268829303802598,13440,23f703aa3bc9,2026-08-28T16:28:25Z,10000,6013,3987,,,,,,,,,,,,,,,,,
campaign_c,gen_n10000_rho0.6_near-ties_seed8.pcf,dpac,0,0,2207959532,613,612,9328148255997345698,13440,23f703aa3bc9,2026-08-28T16:28:27Z,10000,5974,4026,,,,,,,,,,,,,,,,,
campaign_c,gen_n10000_rho0.6_near-ties_seed8.pcf,dpac,1,0,2211490579,613,612,9328148255997345698,13440,23f703aa3bc9,2026-08-28T16:28:29Z,10000,5974,4026,,,,,,,,,,,,,,,,,
campaign_c,gen_n10000_rho0.6_near-ties_seed9.pcf,dpac,0,0,2136559508,610,609,3416564590661003206,13440,23f703aa3bc9,2026-08-28T16:28:31Z,10000,6039,3961,,,,,,,,,,,,,,,,,
campaign_c,gen_n10000_rho0.6_near-ties_seed9.pcf,dpac,1,0,2020911647,610,609,3416564590661003206,13440,23f703aa3bc9,2026-08-28T16:28:33Z,10000,6039,3961,,,,,,,,,,,,,,,,,
campaign_c,gen_n10000_rho0.9_anti-correlated_seed0.pcf,dpac,0,0,7343663442,5347,5346,14699044743780693576,13440,23f703aa3bc9,2026-08-28T16:28:40Z,10000,9017,983,,,,,,,,,,,,,,,,,
campaign_c,gen_n10000_rho0.9_anti-correlated_seed0.pcf,dpac,1,0,7602345432,5347,5346,14699044743780693576,13440,23f703aa3bc9,2026-08-28T16:28:48Z,10000,9017,983,,,,,,,,,,,,,,,,,
campaign_c,gen_n10000_rho0.9_anti-correlated_seed1.pcf,dpac,0,0,7475026255,5522,5521,11367714676572774305,13440,23f703aa3bc9,2026-08-28T16:28:56Z,10000,8892,1108,,,,,,,,,,,,,,,,,
campaign_c,gen_n10000_rho0.9_anti-correlated_seed1.pcf,dpac,1,0,7437352548,5522,5521,11367714676572774305,13440,23f703aa3bc9,2026-08-28T16:29:03Z,10000,8892,1108,,,,,,,,,,,,,,,,,
campaign_c,gen_n10000_rho0.9_anti-correlated_seed2.pcf,dpac,0,0,7608968597,5365,5364,11950501932896886167,13440,23f703aa3bc9,2026-08-28T16:29:11Z,10000,9013,987,,,,,,,,,,,,,,,,,
campaign_c,gen_n10000_rho0.9_anti-correlated_seed2.pcf,dpac,1,0,7424069586,5365,5364,11950501932896886167,13440,23f703aa3bc9,2026-08-28T16:29:18Z,10000,9013,987,,,,,,,,,,,,,,,,,
campaign_c,gen_n10000_rho0.9_anti-correlated_seed3.pcf,dpac,0,0,7460423089,5412,5411,13848456776936219611,13440,23f703aa3bc9,2026-08-28T16:29:26Z,10000,8979,1021,,,,,,,,,,,,,,,,,
campaign_c,gen_n10000_rho0.9_anti-correlated_seed3.pcf,dpac,1,0,7625724995,5412,5411,13848456776936219611,13440,23f703aa3bc9,2026-08-28T16:29:33Z,10000,8979,1021,,,,,,,,,,,,,,,,,
campaign_c,gen_n10000_rho0.9_anti-correlated_seed4.pcf,dpac,0,0,7429308596,5369,5368,3460182553637732936,13440,23f703aa3bc9,2026-08-28T16:29:41Z,10000,8978,1022,,,,,,,,,,,,,,,,,
campaign_c,gen_n10000_rho0.9_anti-correlated_seed4.pcf,dpac,1,0,7473624818,5369,5368,3460182553637732936,13440,23f703aa3bc9,2026-08-28T16:29:48Z,10000,8978,1022,,,,,,,,,,,,,,,,,
campaign_c,gen_n10000_rho0.9_anti-correlated_seed5.pcf,dpac,0,0,7643494204,5384,5383,16762622965368760305,13440,23f703aa3bc9,2026-08-28T16:29:56Z,10000,8994,1006,,,,,,,,,,,,,,,,,
campaign_c,gen_n10000_rho0.9_anti-correlated_seed5.pcf,dpac,1,0,7418257421,5384,5383,16762622965368760305,13440,23f703aa3bc9,2026-08-28T16:30:03Z,10000,8994,1006,,,,,,,,,,,,,,,,,
campaign_c,gen_n10000_rho0.9_anti-correlated_seed6.pcf,dpac,0,0,7471615495,5387,5386,2835327919783955670,13440,23f703aa3bc9,2026-08-28T16:30:11Z,10000,8986,1014,,,,,,,,,,,,,,,,,
campaign_c,gen_n10000_rho0.9_anti-correlated_seed6.pcf,dpac,1,0,8047299969,5387,5386,2835327919783955670,13440,23f703aa3bc9,2026-08-28T16:30:19Z,10000,8986,1014,,,,,,,,,,,,,,,,,
campaign_c,gen_n10000_rho0.9_anti-correlated_seed7.pcf,dpac,0,0,7752102865,5422,5421,8304908920124183474,13440,23f703aa3bc9,2026-08-28T16:30:26Z,10000,9039,961,,,,,,,,,,,,,,,,,
campaign_c,gen_n10000_rho0.9_anti-correlated_seed7.pcf,dpac,1,0,7645139415,5422,5421,8304908920124183474,13440,23f703aa3bc9,2026-08-28T16:30:34Z,10000,9039,961,,,,,,,,,,,,,,,,,
campaign_c,gen_n10000_rho0.9_anti-correlated_seed8.pcf,dpac,0,0,7910566958,5439,5438,4199718931282121065,13440,23f703aa3bc9,2026-08-28T16:30:42Z,10000,8956,1044,,,,,,,,,,,,,,,,,
campaign_c,gen_n10000_rho0.9_anti-correlated_seed8.pcf,dpac,1,0,7620942091,5439,5438,4199718931282121065,13440,23f703aa3bc9,2026-08-28T16:30:50Z,10000,8956,1044,,,,,,,,,,,,,,,,,
campaign_c,gen_n10000_rho0.9_anti-correlated_seed9.pcf,dpac,0,0,7672089758,5426,5425,13610326638708061252,13440,23f703aa3bc9,2026-08-28T16:30:57Z,10000,9009,991,,,,,,,,,,,,,,,,,
campaign_c,gen_n10000_rho0.9_anti-correlated_seed9.pcf,dpac,1,0,7800327672,5426,5425,13610326638708061252,13440,23f703aa3bc9,2026-08-28T16:31:05Z,10000,9009,991,,,,,,,,,,,,,,,,,
campaign_c,gen_n10000_rho0.9_correlated_seed0.pcf,dpac,0,0,6922541090,5075,5074,15178785435622851281,13440,23f703aa3bc9,2026-08-28T16:31:12Z,10000,9017,983,,,,,,,,,,,,,,,,,
campaign_c,gen_n10000_rho0.9_correlated_seed0.pcf,dpac,1,0,7071711327,5075,5074,15178785435622851281,13440,23f703aa3bc9,2026-08-28T16:31:19Z,10000,9017,983,,,,,,,,,,,,,,,,,
campaign_c,gen_n10000_rho0.9_correlated_seed1.pcf,dpac,0,0,7231255289,5131,5130,818750918107779619,13440,23f703aa3bc9,2026-08-28T16:31:26Z,10000,8892,1108,,,,,,,,,,,,,,,,,
campaign_c,gen_n10000_rho0.9_correlated_seed1.pcf,dpac,1,0,6927097222,5131,5130,818750918107779619,13440,23f703aa3bc9,2026-08-28T16:31:33Z,10000,8892,1108,,,,,,,,,,,,,,,,,
campaign_c,gen_n10000_rho0.9_correlated_seed2.pcf,dpac,0,0,7055617093,5035,5034,13629577758379058725,13440,23f703aa3bc9,2026-08-28T16:31:40Z,10000,9013,987,,,,,,,,,,,,,,,,,
campaign_c,gen_n10000_rho0.9_correlated_seed2.pcf,dpac,1,0,7323394769,5035,5034,13629577758379058725,13440,23f703aa3bc9,2026-08-28T16:31:48Z,10000,9013,987,,,,,,,,,,,,,,,,,
campaign_c,gen_n10000_rho0.9_correlated_seed3.pcf,dpac,0,0,6915099315,5090,5089,5245893396988278718,13600,23f703aa3bc9,2026-08-28T16:31:55Z,10000,8979,1021,,,,,,,,,,,,,,,,,
campaign_c,gen_n10000_rho0.9_correlated_seed3.pcf,dpac,1,0,7001790255,5090,5089,5245893396988278718,13600,23f703aa3bc9,2026-08-28T16:32:02Z,10000,8979,1021,,,,,,,,,,,,,,,,,
campaign_c,gen_n10000_rho0.9_correlated_seed4.pcf,dpac,0,0,7275802475,5111,5110,10796070040335426232,13600,23f703aa3bc9,2026-08-28T16:32:09Z,10000,8978,1022,,,,,,,,,,,,,,,,,
campaign_c,gen_n10000_rho0.9_correlated_seed4.pcf,dpac,1,0,7020489832,5111,5110,10796070040335426232,13600,23f703aa3bc9,2026-08-28T16:32:16Z,10000,8978,1022,,,,,,,,,,,,,,,,,
campaign_c,gen_n10000_rho0.9_correlated_seed5.pcf,dpac,0,0,6992201624,5041,5040,6128502676776235459,13600,23f703aa3bc9,2026-08-28T16:32:23Z,10000,8994,1006,,,,,,,,,,,,,,,,,
campaign_c,gen_n10000_rho0.9_correlated_seed5.pcf,dpac,1,0,7247003809,5041,5040,6128502676776235459,13600,23f703aa3bc9,2026-08-28T16:32:30Z,10000,8994,1006,,,,,,,,,,,,,,,,,
campaign_c,gen_n10000_rho0.9_correlated_seed6.pcf,dpac,0,0,6970959151,5050,5049,1169209697258291358,13600,23f703aa3bc9,2026-08-28T16:32:37Z,10000,8986,1014,,,,,,,,,,,,,,,,,
campaign_c,gen_n10000_rho0.9_correlated_seed6.pcf,dpac,1,0,6970897633,5050,5049,1169209697258291358,13600,23f703aa3bc9,2026-08-28T16:32:44Z,10000,8986,1014,,,,,,,,,,,,,,,,,
campaign_c,gen_n10000_rho0.9_correlated_seed7.pcf,dpac,0,0,7215070303,5184,5183,2199443026673651670,13600,23f703aa3bc9,2026-08-28T16:32:51Z,10000,9039,961,,,,,,,,,,,,,,,,,
campaign_c,gen_n10000_rho0.9_correlated_seed7.pcf,dpac,1,0,7071981679,5184,5183,2199443026673651670,13600,23f703aa3bc9,2026-08-28T16:32:58Z,10000,9039,961,,,,,,,,,,,,,,,,,
campaign_c,gen_n10000_rho0.9_correlated_seed8.pcf,dpac,0,0,6973416505,5111,5110,3928496608023745794,13600,23f703aa3bc9,2026-08-28T16:33:05Z,10000,8956,1044,,,,,,,,,,,,,,,,,
campaign_c,gen_n10000_rho0.9_correlated_seed8.pcf,dpac,1,0,7178334412,5111,5110,3928496608023745794,13600,23f703aa3bc9,2026-08-28T16:33:13Z,10000,8956,1044,,,,,,,,,,,,,,,,,
campaign_c,gen_n10000_rho0.9_correlated_seed9.pcf,dpac,0,0,7087246140,4985,4984,609782915171078899,13600,23f703aa3bc9,2026-08-28T16:33:20Z,10000,9009,991,,,,,,,,,,,,,,,,,
campaign_c,gen_n10000_rho0.9_correlated_seed9.pcf,dpac,1,0,6932174943,4985,4984,609782915171078899,13600,23f703aa3bc9,2026-08-28T16:33:27Z,10000,9009,991,,,,,,,,,,,,,,,,,
campaign_c,gen_n10000_rho0.9_exact-ties_seed0.pcf,dpac,0,0,4103530499,1785,1784,2021188455596395916,13600,23f703aa3bc9,2026-08-28T16:33:31Z,10000,8981,1019,,,,,,,,,,,,,,,,,
campaign_c,gen_n10000_rho0.9_exact-ties_seed0.pcf,dpac,1,0,4182552396,1785,1784,2021188455596395916,13600,23f703aa3bc9,2026-08-28T16:33:35Z,10000,8981,1019,,,,,,,,,,,,,,,,,
campaign_c,gen_n10000_rho0.9_exact-ties_seed1.pcf,dpac,0,0,4283360135,1864,1863,7356890863119818293,13600,23f703aa3bc9,2026-08-28T16:33:39Z,10000,8971,1029,,,,,,,,,,,,,,,,,
campaign_c,gen_n10000_rho0.9_exact-ties_seed1.pcf,dpac,1,0,3954838458,1864,1863,7356890863119818293,13600,23f703aa3bc9,2026-08-28T16:33:43Z,10000,8971,1029,,,,,,,,,,,,,,,,,
campaign_c,gen_n10000_rho0.9_exact-ties_seed2.pcf,dpac,0,0,4154045898,1871,1870,3431050834021724159,13600,23f703aa3bc9,2026-08-28T16:33:47Z,10000,8971,1029,,,,,,,,,,,,,,,,,
campaign_c,gen_n10000_rho0.9_exact-ties_seed2.pcf,dpac,1,0,4181557886,1871,1870,3431050834021724159,13600,23f703aa3bc9,2026-08-28T16:33:51Z,10000,8971,1029,,,,,,,,,,,,,,,,,
campaign_c,gen_n10000_rho0.9_exact-ties_seed3.pcf,dpac,0,0,4231505148,1814,1813,5605153861834009123,13600,23f703aa3bc9,2026-08-28T16:33:56Z,10000,8994,1006,,,,,,,,,,,,,,,,,
campaign_c,gen_n10000_rho0.9_exact-ties_seed3.pcf,dpac,1,0,4305815979,1814,1813,5605153861834009123,13600,23f703aa3bc9,2026-08-28T16:34:00Z,10000,8994,1006,,,,,,,,,,,,,,,,,
campaign_c,gen_n10000_rho0.9_exact-ties_seed4.pcf,dpac,0,0,4010068942,1821,1820,10408900497123211097,13600,23f703aa3bc9,2026-08-28T16:34:04Z,10000,9025,975,,,,,,,,,,,,,,,,,
campaign_c,gen_n10000_rho0.9_exact-ties_seed4.pcf,dpac,1,0,4026334249,1821,1820,10408900497123211097,13600,23f703aa3bc9,2026-08-28T16:34:08Z,10000,9025,975,,,,,,,,,,,,,,,,,
campaign_c,gen_n10000_rho0.9_exact-ties_seed5.pcf,dpac,0,0,4196555811,1844,1843,3557623285087643370,13600,23f703aa3bc9,2026-08-28T16:34:12Z,10000,9020,980,,,,,,,,,,,,,,,,,
campaign_c,gen_n10000_rho0.9_exact-ties_seed5.pcf,dpac,1,0,4283562869,1844,1843,3557623285087643370,13600,23f703aa3bc9,2026-08-28T16:34:17Z,10000,9020,980,,,,,,,,,,,,,,,,,
campaign_c,gen_n10000_rho0.9_exact-ties_seed6.pcf,dpac,0,0,4288363407,1849,1848,3569771863896461687,13600,23f703aa3bc9,2026-08-28T16:34:21Z,10000,8994,1006,,,,,,,,,,,,,,,,,
campaign_c,gen_n10000_rho0.9_exact-ties_seed6.pcf,dpac,1,0,4120569897,1849,1848,3569771863896461687,13600,23f703aa3bc9,2026-08-28T16:34:25Z,10000,8994,1006,,,,,,,,,,,,,,,,,
campaign_c,gen_n10000_rho0.9_exact-ties_seed7.pcf,dpac,0,0,4073876260,1861,1860,12822483191969824764,13600,23f703aa3bc9,2026-08-28T16:34:29Z,10000,8968,1032,,,,,,,,,,,,,,,,,
campaign_c,gen_n10000_rho0.9_exact-ties_seed7.pcf,dpac,1,0,4185171516,1861,1860,12822483191969824764,13600,23f703aa3bc9,2026-08-28T16:34:33Z,10000,8968,1032,,,,,,,,,,,,,,,,,
campaign_c,gen_n10000_rho0.9_exact-ties_seed8.pcf,dpac,0,0,4117773629,1769,1768,12946394454649012761,13600,23f703aa3bc9,2026-08-28T16:34:37Z,10000,9002,998,,,,,,,,,,,,,,,,,
campaign_c,gen_n10000_rho0.9_exact-ties_seed8.pcf,dpac,1,0,4211968164,1769,1768,12946394454649012761,13600,23f703aa3bc9,2026-08-28T16:34:42Z,10000,9002,998,,,,,,,,,,,,,,,,,
campaign_c,gen_n10000_rho0.9_exact-ties_seed9.pcf,dpac,0,0,4054122637,1809,1808,13372565712803479077,13600,23f703aa3bc9,2026-08-28T16:34:46Z,10000,9036,964,,,,,,,,,,,,,,,,,
campaign_c,gen_n10000_rho0.9_exact-ties_seed9.pcf,dpac,1,0,4081597573,1809,1808,13372565712803479077,13600,23f703aa3bc9,2026-08-28T16:34:50Z,10000,9036,964,,,,,,,,,,,,,,,,,
campaign_c,gen_n10000_rho0.9_independent-positive_seed0.pcf,dpac,0,0,7508344490,5407,5406,8028522402486330418,13600,23f703aa3bc9,2026-08-28T16:34:57Z,10000,8958,1042,,,,,,,,,,,,,,,,,
campaign_c,gen_n10000_rho0.9_independent-positive_seed0.pcf,dpac,1,0,7576039842,5407,5406,8028522402486330418,13600,23f703aa3bc9,2026-08-28T16:35:05Z,10000,8958,1042,,,,,,,,,,,,,,,,,
campaign_c,gen_n10000_rho0.9_independent-positive_seed1.pcf,dpac,0,0,7329309147,5523,5522,3929328589310974741,13600,23f703aa3bc9,2026-08-28T16:35:12Z,10000,8938,1062,,,,,,,,,,,,,,,,,
campaign_c,gen_n10000_rho0.9_independent-positive_seed1.pcf,dpac,1,0,7603188522,5523,5522,3929328589310974741,13600,23f703aa3bc9,2026-08-28T16:35:20Z,10000,8938,1062,,,,,,,,,,,,,,,,,
campaign_c,gen_n10000_rho0.9_independent-positive_seed2.pcf,dpac,0,0,7493978276,5343,5342,8362905890568113737,13600,23f703aa3bc9,2026-08-28T16:35:27Z,10000,9020,980,,,,,,,,,,,,,,,,,
campaign_c,gen_n10000_rho0.9_independent-positive_seed2.pcf,dpac,1,0,7421435353,5343,5342,8362905890568113737,13600,23f703aa3bc9,2026-08-28T16:35:35Z,10000,9020,980,,,,,,,,,,,,,,,,,
campaign_c,gen_n10000_rho0.9_independent-positive_seed3.pcf,dpac,0,0,7683338514,5500,5499,4423735359336845539,13600,23f703aa3bc9,2026-08-28T16:35:42Z,10000,8976,1024,,,,,,,,,,,,,,,,,
campaign_c,gen_n10000_rho0.9_independent-positive_seed3.pcf,dpac,1,0,7528261653,5500,5499,4423735359336845539,13600,23f703aa3bc9,2026-08-28T16:35:50Z,10000,8976,1024,,,,,,,,,,,,,,,,,
campaign_c,gen_n10000_rho0.9_independent-positive_seed4.pcf,dpac,0,0,7464308860,5367,5366,6099594194736479255,13600,23f703aa3bc9,2026-08-28T16:35:57Z,10000,9006,994,,,,,,,,,,,,,,,,,
campaign_c,gen_n10000_rho0.9_independent-positive_seed4.pcf,dpac,1,0,7743139280,5367,5366,6099594194736479255,13600,23f703aa3bc9,2026-08-28T16:36:05Z,10000,9006,994,,,,,,,,,,,,,,,,,
campaign_c,gen_n10000_rho0.9_independent-positive_seed5.pcf,dpac,0,0,7410279938,5399,5398,8080081401154209931,13600,23f703aa3bc9,2026-08-28T16:36:13Z,10000,9007,993,,,,,,,,,,,,,,,,,
campaign_c,gen_n10000_rho0.9_independent-positive_seed5.pcf,dpac,1,0,7531994377,5399,5398,8080081401154209931,13600,23f703aa3bc9,2026-08-28T16:36:20Z,10000,9007,993,,,,,,,,,,,,,,,,,
campaign_c,gen_n10000_rho0.9_independent-positive_seed6.pcf,dpac,0,0,7762738306,5396,5395,16677456063630278667,13600,23f703aa3bc9,2026-08-28T16:36:28Z,10000,9012,988,,,,,,,,,,,,,,,,,
campaign_c,gen_n10000_rho0.9_independent-positive_seed6.pcf,dpac,1,0,7355744421,5396,5395,16677456063630278667,13600,23f703aa3bc9,2026-08-28T16:36:35Z,10000,9012,988,,,,,,,,,,,,,,,,,
campaign_c,gen_n10000_rho0.9_independent-positive_seed7.pcf,dpac,0,0,7563962962,5482,5481,8360375323089349094,13600,23f703aa3bc9,2026-08-28T16:36:43Z,10000,8971,1029,,,,,,,,,,,,,,,,,
campaign_c,gen_n10000_rho0.9_independent-positive_seed7.pcf,dpac,1,0,7627806301,5482,5481,8360375323089349094,13600,23f703aa3bc9,2026-08-28T16:36:50Z,10000,8971,1029,,,,,,,,,,,,,,,,,
campaign_c,gen_n10000_rho0.9_independent-positive_seed8.pcf,dpac,0,0,7416181041,5510,5509,9617195823975182097,13760,23f703aa3bc9,2026-08-28T16:36:58Z,10000,8974,1026,,,,,,,,,,,,,,,,,
campaign_c,gen_n10000_rho0.9_independent-positive_seed8.pcf,dpac,1,0,7660363915,5510,5509,9617195823975182097,13760,23f703aa3bc9,2026-08-28T16:37:05Z,10000,8974,1026,,,,,,,,,,,,,,,,,
campaign_c,gen_n10000_rho0.9_independent-positive_seed9.pcf,dpac,0,0,7494975823,5452,5451,9122630405097155397,13760,23f703aa3bc9,2026-08-28T16:37:13Z,10000,9027,973,,,,,,,,,,,,,,,,,
campaign_c,gen_n10000_rho0.9_independent-positive_seed9.pcf,dpac,1,0,7451493197,5452,5451,9122630405097155397,13760,23f703aa3bc9,2026-08-28T16:37:20Z,10000,9027,973,,,,,,,,,,,,,,,,,
campaign_c,gen_n10000_rho0.9_independent-signed_seed0.pcf,dpac,0,0,7651451638,5414,5413,11345671965483813074,13760,23f703aa3bc9,2026-08-28T16:37:28Z,10000,8962,1038,,,,,,,,,,,,,,,,,
campaign_c,gen_n10000_rho0.9_independent-signed_seed0.pcf,dpac,1,0,7400019930,5414,5413,11345671965483813074,13760,23f703aa3bc9,2026-08-28T16:37:35Z,10000,8962,1038,,,,,,,,,,,,,,,,,
campaign_c,gen_n10000_rho0.9_independent-signed_seed1.pcf,dpac,0,0,7491974195,5529,5528,14143312239688127411,13760,23f703aa3bc9,2026-08-28T16:37:43Z,10000,8939,1061,,,,,,,,,,,,,,,,,
campaign_c,gen_n10000_rho0.9_independent-signed_seed1.pcf,dpac,1,0,7717985065,5529,5528,14143312239688127411,13760,23f703aa3bc9,2026-08-28T16:37:51Z,10000,8939,1061,,,,,,,,,,,,,,,,,
campaign_c,gen_n10000_rho0.9_independent-signed_seed2.pcf,dpac,0,0,7354018267,5451,5450,17721197281824656531,13760,23f703aa3bc9,2026-08-28T16:37:58Z,10000,9022,978,,,,,,,,,,,,,,,,,
campaign_c,gen_n10000_rho0.9_independent-signed_seed2.pcf,dpac,1,0,7371130223,5451,5450,17721197281824656531,13760,23f703aa3bc9,2026-08-28T16:38:05Z,10000,9022,978,,,,,,,,,,,,,,,,,
campaign_c,gen_n10000_rho0.9_independent-signed_seed3.pcf,dpac,0,0,7337684106,5444,5443,12463111041410423226,13760,23f703aa3bc9,2026-08-28T16:38:13Z,10000,8977,1023,,,,,,,,,,,,,,,,,
campaign_c,gen_n10000_rho0.9_independent-signed_seed3.pcf,dpac,1,0,7343337361,5444,5443,12463111041410423226,13760,23f703aa3bc9,2026-08-28T16:38:20Z,10000,8977,1023,,,,,,,,,,,,,,,,,
campaign_c,gen_n10000_rho0.9_independent-signed_seed4.pcf,dpac,0,0,7337692788,5446,5445,17011290437318211898,13760,23f703aa3bc9,2026-08-28T16:38:27Z,10000,9007,993,,,,,,,,,,,,,,,,,
campaign_c,gen_n10000_rho0.9_independent-signed_seed4.pcf,dpac,1,0,7329185087,5446,5445,17011290437318211898,13760,23f703aa3bc9,2026-08-28T16:38:35Z,10000,9007,993,,,,,,,,,,,,,,,,,
campaign_c,gen_n10000_rho0.9_independent-signed_seed5.pcf,dpac,0,0,7325007281,5408,5407,4976386550917468772,13760,23f703aa3bc9,2026-08-28T16:38:42Z,10000,9011,989,,,,,,,,,,,,,,,,,
campaign_c,gen_n10000_rho0.9_independent-signed_seed5.pcf,dpac,1,0,7372863201,5408,5407,4976386550917468772,13760,23f703aa3bc9,2026-08-28T16:38:49Z,10000,9011,989,,,,,,,,,,,,,,,,,
campaign_c,gen_n10000_rho0.9_independent-signed_seed6.pcf,dpac,0,0,7385665052,5396,5395,1372564575440569593,13760,23f703aa3bc9,2026-08-28T16:38:57Z,10000,9013,987,,,,,,,,,,,,,,,,,
campaign_c,gen_n10000_rho0.9_independent-signed_seed6.pcf,dpac,1,0,7385224047,5396,5395,1372564575440569593,13760,23f703aa3bc9,2026-08-28T16:39:04Z,10000,9013,987,,,,,,,,,,,,,,,,,
campaign_c,gen_n10000_rho0.9_independent-signed_seed7.pcf,dpac,0,0,7383635822,5520,5519,13103748013986518205,13760,23f703aa3bc9,2026-08-28T16:39:12Z,10000,8972,1028,,,,,,,,,,,,,,,,,
campaign_c,gen_n10000_rho0.9_independent-signed_seed7.pcf,dpac,1,0,7364612427,5520,5519,13103748013986518205,13760,23f703aa3bc9,2026-08-28T16:39:19Z,10000,8972,1028,,,,,,,,,,,,,,,,,
campaign_c,gen_n10000_rho0.9_independent-signed_seed8.pcf,dpac,0,0,7376030308,5516,5515,13616495299385675016,13760,23f703aa3bc9,2026-08-28T16:39:26Z,10000,8975,1025,,,,,,,,,,,,,,,,,
campaign_c,gen_n10000_rho0.9_independent-signed_seed8.pcf,dpac,1,0,7441811491,5516,5515,13616495299385675016,13760,23f703aa3bc9,2026-08-28T16:39:34Z,10000,8975,1025,,,,,,,,,,,,,,,,,
campaign_c,gen_n10000_rho0.9_independent-signed_seed9.pcf,dpac,0,0,7333291393,5395,5394,10342832963637054693,13760,23f703aa3bc9,2026-08-28T16:39:41Z,10000,9027,973,,,,,,,,,,,,,,,,,
campaign_c,gen_n10000_rho0.9_independent-signed_seed9.pcf,dpac,1,0,7368668099,5395,5394,10342832963637054693,13760,23f703aa3bc9,2026-08-28T16:39:49Z,10000,9027,973,,,,,,,,,,,,,,,,,
campaign_c,gen_n10000_rho0.9_near-ties_seed0.pcf,dpac,0,0,3553369889,696,695,13376447650248455322,13760,23f703aa3bc9,2026-08-28T16:39:52Z,10000,9050,950,,,,,,,,,,,,,,,,,
campaign_c,gen_n10000_rho0.9_near-ties_seed0.pcf,dpac,1,0,3586984521,696,695,13376447650248455322,13760,23f703aa3bc9,2026-08-28T16:39:56Z,10000,9050,950,,,,,,,,,,,,,,,,,
campaign_c,gen_n10000_rho0.9_near-ties_seed1.pcf,dpac,0,0,3585163028,686,685,2784577062312539223,13760,23f703aa3bc9,2026-08-28T16:39:59Z,10000,8946,1054,,,,,,,,,,,,,,,,,
campaign_c,gen_n10000_rho0.9_near-ties_seed1.pcf,dpac,1,0,3592478551,686,685,2784577062312539223,13760,23f703aa3bc9,2026-08-28T16:40:03Z,10000,8946,1054,,,,,,,,,,,,,,,,,
campaign_c,gen_n10000_rho0.9_near-ties_seed2.pcf,dpac,0,0,3521082053,679,678,8533822448391265257,13760,23f703aa3bc9,2026-08-28T16:40:06Z,10000,8988,1012,,,,,,,,,,,,,,,,,
campaign_c,gen_n10000_rho0.9_near-ties_seed2.pcf,dpac,1,0,3515590678,679,678,8533822448391265257,13760,23f703aa3bc9,2026-08-28T16:40:10Z,10000,8988,1012,,,,,,,,,,,,,,,,,
campaign_c,gen_n10000_rho0.9_near-ties_seed3.pcf,dpac,0,0,3343827681,709,708,1840916688630328522,13760,23f703aa3bc9,2026-08-28T16:40:13Z,10000,8992,1008,,,,,,,,,,,,,,,,,
campaign_c,gen_n10000_rho0.9_near-ties_seed3.pcf,dpac,1,0,3344155407,709,708,1840916688630328522,13760,23f703aa3bc9,2026-08-28T16:40:17Z,10000,8992,1008,,,,,,,,,,,,,,,,,
campaign_c,gen_n10000_rho0.9_near-ties_seed4.pcf,dpac,0,0,3332148164,702,701,12479599095675047893,13760,23f703aa3bc9,2026-08-28T16:40:20Z,10000,8982,1018,,,,,,,,,,,,,,,,,
campaign_c,gen_n10000_rho0.9_near-ties_seed4.pcf,dpac,1,0,3302699717,702,701,12479599095675047893,13760,23f703aa3bc9,2026-08-28T16:40:23Z,10000,8982,1018,,,,,,,,,,,,,,,,,
campaign_c,gen_n10000_rho0.9_near-ties_seed5.pcf,dpac,0,0,3430710886,712,711,13783050702059888479,13760,23f703aa3bc9,2026-08-28T16:40:27Z,10000,9017,983,,,,,,,,,,,,,,,,,
campaign_c,gen_n10000_rho0.9_near-ties_seed5.pcf,dpac,1,0,3449356023,712,711,13783050702059888479,13760,23f703aa3bc9,2026-08-28T16:40:30Z,10000,9017,983,,,,,,,,,,,,,,,,,
campaign_c,gen_n10000_rho0.9_near-ties_seed6.pcf,dpac,0,0,3319495017,702,701,847161415500842809,13760,23f703aa3bc9,2026-08-28T16:40:33Z,10000,9002,998,,,,,,,,,,,,,,,,,
campaign_c,gen_n10000_rho0.9_near-ties_seed6.pcf,dpac,1,0,3321081449,702,701,847161415500842809,13760,23f703aa3bc9,2026-08-28T16:40:37Z,10000,9002,998,,,,,,,,,,,,,,,,,
campaign_c,gen_n10000_rho0.9_near-ties_seed7.pcf,dpac,0,0,3125876408,719,718,11706445827276396831,13760,23f703aa3bc9,2026-08-28T16:40:40Z,10000,8971,1029,,,,,,,,,,,,,,,,,
campaign_c,gen_n10000_rho0.9_near-ties_seed7.pcf,dpac,1,0,3133389946,719,718,11706445827276396831,13760,23f703aa3bc9,2026-08-28T16:40:43Z,10000,8971,1029,,,,,,,,,,,,,,,,,
campaign_c,gen_n10000_rho0.9_near-ties_seed8.pcf,dpac,0,0,3213971033,689,688,10580041615841216884,13760,23f703aa3bc9,2026-08-28T16:40:46Z,10000,8970,1030,,,,,,,,,,,,,,,,,
campaign_c,gen_n10000_rho0.9_near-ties_seed8.pcf,dpac,1,0,3193933114,689,688,10580041615841216884,13760,23f703aa3bc9,2026-08-28T16:40:50Z,10000,8970,1030,,,,,,,,,,,,,,,,,
campaign_c,gen_n10000_rho0.9_near-ties_seed9.pcf,dpac,0,0,3312829028,705,704,16027287391030578894,13760,23f703aa3bc9,2026-08-28T16:40:53Z,10000,9002,998,,,,,,,,,,,,,,,,,
campaign_c,gen_n10000_rho0.9_near-ties_seed9.pcf,dpac,1,0,3311870254,705,704,16027287391030578894,13760,23f703aa3bc9,2026-08-28T16:40:56Z,10000,9002,998,,,,,,,,,,,,,,,,,
campaign_c,gen_n10000_rho1.0_anti-correlated_seed0.pcf,dpac,0,0,7381262270,5034,5033,10063115467558020898,13760,23f703aa3bc9,2026-08-28T16:41:04Z,10000,9999,1,,,,,,,,,,,,,,,,,
campaign_c,gen_n10000_rho1.0_anti-correlated_seed0.pcf,dpac,1,0,7354385973,5034,5033,10063115467558020898,13760,23f703aa3bc9,2026-08-28T16:41:11Z,10000,9999,1,,,,,,,,,,,,,,,,,
campaign_c,gen_n10000_rho1.0_anti-correlated_seed1.pcf,dpac,0,0,7454309608,4931,4930,13686192005490770437,13760,23f703aa3bc9,2026-08-28T16:41:18Z,10000,9999,1,,,,,,,,,,,,,,,,,
campaign_c,gen_n10000_rho1.0_anti-correlated_seed1.pcf,dpac,1,0,7396077609,4931,4930,13686192005490770437,13760,23f703aa3bc9,2026-08-28T16:41:26Z,10000,9999,1,,,,,,,,,,,,,,,,,
campaign_c,gen_n10000_rho1.0_anti-correlated_seed2.pcf,dpac,0,0,7446065067,4960,4959,15590671602024545026,13760,23f703aa3bc9,2026-08-28T16:41:33Z,10000,9999,1,,,,,,,,,,,,,,,,,
campaign_c,gen_n10000_rho1.0_anti-correlated_seed2.pcf,dpac,1,0,7405649261,4960,4959,15590671602024545026,13760,23f703aa3bc9,2026-08-28T16:41:41Z,10000,9999,1,,,,,,,,,,,,,,,,,
campaign_c,gen_n10000_rho1.0_anti-correlated_seed3.pcf,dpac,0,0,7399090735,4850,4849,12191071480915606889,13920,23f703aa3bc9,2026-08-28T16:41:48Z,10000,9999,1,,,,,,,,,,,,,,,,,
campaign_c,gen_n10000_rho1.0_anti-correlated_seed3.pcf,dpac,1,0,7384962173,4850,4849,12191071480915606889,13920,23f703aa3bc9,2026-08-28T16:41:55Z,10000,9999,1,,,,,,,,,,,,,,,,,
campaign_c,gen_n10000_rho1.0_anti-correlated_seed4.pcf,dpac,0,0,7372654074,4863,4862,18123822452117571175,13920,23f703aa3bc9,2026-08-28T16:42:03Z,10000,9999,1,,,,,,,,,,,,,,,,,
campaign_c,gen_n10000_rho1.0_anti-correlated_seed4.pcf,dpac,1,0,7408288472,4863,4862,18123822452117571175,13920,23f703aa3bc9,2026-08-28T16:42:10Z,10000,9999,1,,,,,,,,,,,,,,,,,
campaign_c,gen_n10000_rho1.0_anti-correlated_seed5.pcf,dpac,0,0,7373710232,4933,4932,2438972140072243377,13920,23f703aa3bc9,2026-08-28T16:42:18Z,10000,9999,1,,,,,,,,,,,,,,,,,
campaign_c,gen_n10000_rho1.0_anti-correlated_seed5.pcf,dpac,1,0,7427820724,4933,4932,2438972140072243377,13920,23f703aa3bc9,2026-08-28T16:42:25Z,10000,9999,1,,,,,,,,,,,,,,,,,
campaign_c,gen_n10000_rho1.0_anti-correlated_seed6.pcf,dpac,0,0,7392349400,4905,4904,14382977118413231914,13920,23f703aa3bc9,2026-08-28T16:42:32Z,10000,9999,1,,,,,,,,,,,,,,,,,
campaign_c,gen_n10000_rho1.0_anti-correlated_seed6.pcf,dpac,1,0,7418450522,4905,4904,14382977118413231914,13920,23f703aa3bc9,2026-08-28T16:42:40Z,10000,9999,1,,,,,,,,,,,,,,,,,
campaign_c,gen_n10000_rho1.0_anti-correlated_seed7.pcf,dpac,0,0,7378314695,4920,4919,14358194838029054283,13920,23f703aa3bc9,2026-08-28T16:42:47Z,10000,9999,1,,,,,,,,,,,,,,,,,
campaign_c,gen_n10000_rho1.0_anti-correlated_seed7.pcf,dpac,1,0,7408985065,4920,4919,14358194838029054283,13920,23f703aa3bc9,2026-08-28T16:42:55Z,10000,9999,1,,,,,,,,,,,,,,,,,
campaign_c,gen_n10000_rho1.0_anti-correlated_seed8.pcf,dpac,0,0,7365026549,4886,4885,7660316914762107182,13920,23f703aa3bc9,2026-08-28T16:43:02Z,10000,9999,1,,,,,,,,,,,,,,,,,
campaign_c,gen_n10000_rho1.0_anti-correlated_seed8.pcf,dpac,1,0,7390013930,4886,4885,7660316914762107182,13920,23f703aa3bc9,2026-08-28T16:43:09Z,10000,9999,1,,,,,,,,,,,,,,,,,
campaign_c,gen_n10000_rho1.0_anti-correlated_seed9.pcf,dpac,0,0,7363111844,4942,4941,3729528727290332874,13920,23f703aa3bc9,2026-08-28T16:43:17Z,10000,9999,1,,,,,,,,,,,,,,,,,
campaign_c,gen_n10000_rho1.0_anti-correlated_seed9.pcf,dpac,1,0,7496335497,4942,4941,3729528727290332874,13920,23f703aa3bc9,2026-08-28T16:43:24Z,10000,9999,1,,,,,,,,,,,,,,,,,
campaign_c,gen_n10000_rho1.0_correlated_seed0.pcf,dpac,0,0,6975198445,4740,4739,6520863823443845874,13920,23f703aa3bc9,2026-08-28T16:43:31Z,10000,9999,1,,,,,,,,,,,,,,,,,
campaign_c,gen_n10000_rho1.0_correlated_seed0.pcf,dpac,1,0,7010574743,4740,4739,6520863823443845874,13920,23f703aa3bc9,2026-08-28T16:43:38Z,10000,9999,1,,,,,,,,,,,,,,,,,
campaign_c,gen_n10000_rho1.0_correlated_seed1.pcf,dpac,0,0,6987642926,4622,4621,528810908387818831,13920,23f703aa3bc9,2026-08-28T16:43:45Z,10000,9999,1,,,,,,,,,,,,,,,,,
campaign_c,gen_n10000_rho1.0_correlated_seed1.pcf,dpac,1,0,6992191782,4622,4621,528810908387818831,13920,23f703aa3bc9,2026-08-28T16:43:52Z,10000,9999,1,,,,,,,,,,,,,,,,,
campaign_c,gen_n10000_rho1.0_correlated_seed2.pcf,dpac,0,0,6987089404,4643,4642,15303299385131877200,13920,23f703aa3bc9,2026-08-28T16:43:59Z,10000,9999,1,,,,,,,,,,,,,,,,,
campaign_c,gen_n10000_rho1.0_correlated_seed2.pcf,dpac,1,0,6995865576,4643,4642,15303299385131877200,13920,23f703aa3bc9,2026-08-28T16:44:06Z,10000,9999,1,,,,,,,,,,,,,,,,,
campaign_c,gen_n10000_rho1.0_correlated_seed3.pcf,dpac,0,0,7017533538,4691,4690,18053711178957126435,13920,23f703aa3bc9,2026-08-28T16:44:13Z,10000,9999,1,,,,,,,,,,,,,,,,,
campaign_c,gen_n10000_rho1.0_correlated_seed3.pcf,dpac,1,0,7040334316,4691,4690,18053711178957126435,13920,23f703aa3bc9,2026-08-28T16:44:20Z,10000,9999,1,,,,,,,,,,,,,,,,,
campaign_c,gen_n10000_rho1.0_correlated_seed4.pcf,dpac,0,0,7063658259,4717,4716,11019904457519774577,13920,23f703aa3bc9,2026-08-28T16:44:27Z,10000,9999,1,,,,,,,,,,,,,,,,,
campaign_c,gen_n10000_rho1.0_correlated_seed4.pcf,dpac,1,0,7025340103,4717,4716,11019904457519774577,13920,23f703aa3bc9,2026-08-28T16:44:34Z,10000,9999,1,,,,,,,,,,,,,,,,,
campaign_c,gen_n10000_rho1.0_correlated_seed5.pcf,dpac,0,0,7045643575,4609,4608,6585139042745140019,13920,23f703aa3bc9,2026-08-28T16:44:41Z,10000,9999,1,,,,,,,,,,,,,,,,,
campaign_c,gen_n10000_rho1.0_correlated_seed5.pcf,dpac,1,0,7021179771,4609,4608,6585139042745140019,13920,23f703aa3bc9,2026-08-28T16:44:48Z,10000,9999,1,,,,,,,,,,,,,,,,,
campaign_c,gen_n10000_rho1.0_correlated_seed6.pcf,dpac,0,0,7016098165,4577,4576,13013726982465630113,13920,23f703aa3bc9,2026-08-28T16:44:55Z,10000,9999,1,,,,,,,,,,,,,,,,,
campaign_c,gen_n10000_rho1.0_correlated_seed6.pcf,dpac,1,0,7018395337,4577,4576,13013726982465630113,13920,23f703aa3bc9,2026-08-28T16:45:02Z,10000,9999,1,,,,,,,,,,,,,,,,,
campaign_c,gen_n10000_rho1.0_correlated_seed7.pcf,dpac,0,0,7058406711,4653,4652,14470257798754824480,13920,23f703aa3bc9,2026-08-28T16:45:10Z,10000,9999,1,,,,,,,,,,,,,,,,,
campaign_c,gen_n10000_rho1.0_correlated_seed7.pcf,dpac,1,0,7042291560,4653,4652,14470257798754824480,13920,23f703aa3bc9,2026-08-28T16:45:17Z,10000,9999,1,,,,,,,,,,,,,,,,,
campaign_c,gen_n10000_rho1.0_correlated_seed8.pcf,dpac,0,0,7238502353,4605,4604,8475939439923662521,13920,23f703aa3bc9,2026-08-28T16:45:24Z,10000,9999,1,,,,,,,,,,,,,,,,,
campaign_c,gen_n10000_rho1.0_correlated_seed8.pcf,dpac,1,0,7203620809,4605,4604,8475939439923662521,13920,23f703aa3bc9,2026-08-28T16:45:31Z,10000,9999,1,,,,,,,,,,,,,,,,,
campaign_c,gen_n10000_rho1.0_correlated_seed9.pcf,dpac,0,0,7221248405,4730,4729,8456822511688367084,13920,23f703aa3bc9,2026-08-28T16:45:38Z,10000,9999,1,,,,,,,,,,,,,,,,,
campaign_c,gen_n10000_rho1.0_correlated_seed9.pcf,dpac,1,0,7244407361,4730,4729,8456822511688367084,13920,23f703aa3bc9,2026-08-28T16:45:46Z,10000,9999,1,,,,,,,,,,,,,,,,,
campaign_c,gen_n10000_rho1.0_exact-ties_seed0.pcf,dpac,0,0,4581041839,1784,1783,8679127879680326152,13920,23f703aa3bc9,2026-08-28T16:45:50Z,10000,9999,1,,,,,,,,,,,,,,,,,
campaign_c,gen_n10000_rho1.0_exact-ties_seed0.pcf,dpac,1,0,4586851121,1784,1783,8679127879680326152,13920,23f703aa3bc9,2026-08-28T16:45:55Z,10000,9999,1,,,,,,,,,,,,,,,,,
campaign_c,gen_n10000_rho1.0_exact-ties_seed1.pcf,dpac,0,0,4466094925,1790,1789,14170606272026911268,13920,23f703aa3bc9,2026-08-28T16:45:59Z,10000,9999,1,,,,,,,,,,,,,,,,,
campaign_c,gen_n10000_rho1.0_exact-ties_seed1.pcf,dpac,1,0,4386607684,1790,1789,14170606272026911268,13920,23f703aa3bc9,2026-08-28T16:46:04Z,10000,9999,1,,,,,,,,,,,,,,,,,
campaign_c,gen_n10000_rho1.0_exact-ties_seed2.pcf,dpac,0,0,4415204184,1854,1853,17539458562535128455,13920,23f703aa3bc9,2026-08-28T16:46:08Z,10000,9999,1,,,,,,,,,,,,,,,,,
campaign_c,gen_n10000_rho1.0_exact-ties_seed2.pcf,dpac,1,0,4402781546,1854,1853,17539458562535128455,13920,23f703aa3bc9,2026-08-28T16:46:12Z,10000,9999,1,,,,,,,,,,,,,,,,,
campaign_c,gen_n10000_rho1.0_exact-ties_seed3.pcf,dpac,0,0,4460679484,1809,1808,11272758122181525766,13920,23f703aa3bc9,2026-08-28T16:46:17Z,10000,9999,1,,,,,,,,,,,,,,,,,
campaign_c,gen_n10000_rho1.0_exact-ties_seed3.pcf,dpac,1,0,4495959061,1809,1808,11272758122181525766,13920,23f703aa3bc9,2026-08-28T16:46:21Z,10000,9999,1,,,,,,,,,,,,,,,,,
campaign_c,gen_n10000_rho1.0_exact-ties_seed4.pcf,dpac,0,0,4428447639,1752,1751,1878038851650989389,13920,23f703aa3bc9,2026-08-28T16:46:26Z,10000,9999,1,,,,,,,,,,,,,,,,,
campaign_c,gen_n10000_rho1.0_exact-ties_seed4.pcf,dpac,1,0,4474278735,1752,1751,1878038851650989389,13920,23f703aa3bc9,2026-08-28T16:46:30Z,10000,9999,1,,,,,,,,,,,,,,,,,
campaign_c,gen_n10000_rho1.0_exact-ties_seed5.pcf,dpac,0,0,4527980493,1775,1774,16030704019730993030,13920,23f703aa3bc9,2026-08-28T16:46:35Z,10000,9999,1,,,,,,,,,,,,,,,,,
campaign_c,gen_n10000_rho1.0_exact-ties_seed5.pcf,dpac,1,0,4555285885,1775,1774,16030704019730993030,13920,23f703aa3bc9,2026-08-28T16:46:39Z,10000,9999,1,,,,,,,,,,,,,,,,,
campaign_c,gen_n10000_rho1.0_exact-ties_seed6.pcf,dpac,0,0,4518613778,1862,1861,8050688328417058230,13920,23f703aa3bc9,2026-08-28T16:46:44Z,10000,9999,1,,,,,,,,,,,,,,,,,
campaign_c,gen_n10000_rho1.0_exact-ties_seed6.pcf,dpac,1,0,4516137255,1862,1861,8050688328417058230,13920,23f703aa3bc9,2026-08-28T16:46:48Z,10000,9999,1,,,,,,,,,,,,,,,,,
campaign_c,gen_n10000_rho1.0_exact-ties_seed7.pcf,dpac,0,0,4524016523,1803,1802,8482579155118535611,13920,23f703aa3bc9,2026-08-28T16:46:53Z,10000,9999,1,,,,,,,,,,,,,,,,,
campaign_c,gen_n10000_rho1.0_exact-ties_seed7.pcf,dpac,1,0,4562589683,1803,1802,8482579155118535611,13920,23f703aa3bc9,2026-08-28T16:46:58Z,10000,9999,1,,,,,,,,,,,,,,,,,
campaign_c,gen_n10000_rho1.0_exact-ties_seed8.pcf,dpac,0,0,4516739854,1741,1740,9196203860232896104,14080,23f703aa3bc9,2026-08-28T16:47:02Z,10000,9999,1,,,,,,,,,,,,,,,,,
campaign_c,gen_n10000_rho1.0_exact-ties_seed8.pcf,dpac,1,0,4545522496,1741,1740,9196203860232896104,14080,23f703aa3bc9,2026-08-28T16:47:07Z,10000,9999,1,,,,,,,,,,,,,,,,,
campaign_c,gen_n10000_rho1.0_exact-ties_seed9.pcf,dpac,0,0,4705402815,1756,1755,4887498730567103183,14080,23f703aa3bc9,2026-08-28T16:47:11Z,10000,9999,1,,,,,,,,,,,,,,,,,
campaign_c,gen_n10000_rho1.0_exact-ties_seed9.pcf,dpac,1,0,4650432860,1756,1755,4887498730567103183,14080,23f703aa3bc9,2026-08-28T16:47:16Z,10000,9999,1,,,,,,,,,,,,,,,,,
campaign_c,gen_n10000_rho1.0_independent-positive_seed0.pcf,dpac,0,0,7642664240,5001,5000,6806385188688868855,14080,23f703aa3bc9,2026-08-28T16:47:24Z,10000,9999,1,,,,,,,,,,,,,,,,,
campaign_c,gen_n10000_rho1.0_independent-positive_seed0.pcf,dpac,1,0,7566778771,5001,5000,6806385188688868855,14080,23f703aa3bc9,2026-08-28T16:47:31Z,10000,9999,1,,,,,,,,,,,,,,,,,
campaign_c,gen_n10000_rho1.0_independent-positive_seed1.pcf,dpac,0,0,7501082525,4912,4911,17127085769692224188,14080,23f703aa3bc9,2026-08-28T16:47:39Z,10000,9999,1,,,,,,,,,,,,,,,,,
campaign_c,gen_n10000_rho1.0_independent-positive_seed1.pcf,dpac,1,0,7495423356,4912,4911,17127085769692224188,14080,23f703aa3bc9,2026-08-28T16:47:46Z,10000,9999,1,,,,,,,,,,,,,,,,,
campaign_c,gen_n10000_rho1.0_independent-positive_seed2.pcf,dpac,0,0,7409151653,4926,4925,7574513806867876631,14080,23f703aa3bc9,2026-08-28T16:47:54Z,10000,9999,1,,,,,,,,,,,,,,,,,
campaign_c,gen_n10000_rho1.0_independent-positive_seed2.pcf,dpac,1,0,7425290397,4926,4925,7574513806867876631,14080,23f703aa3bc9,2026-08-28T16:48:01Z,10000,9999,1,,,,,,,,,,,,,,,,,
campaign_c,gen_n10000_rho1.0_independent-positive_seed3.pcf,dpac,0,0,7418670963,4994,4993,18366427920447045762,14080,23f703aa3bc9,2026-08-28T16:48:08Z,10000,9999,1,,,,,,,,,,,,,,,,,
campaign_c,gen_n10000_rho1.0_independent-positive_seed3.pcf,dpac,1,0,7432881480,4994,4993,18366427920447045762,14080,23f703aa3bc9,2026-08-28T16:48:16Z,10000,9999,1,,,,,,,,,,,,,,,,,
campaign_c,gen_n10000_rho1.0_independent-positive_seed4.pcf,dpac,0,0,7394751171,4952,4951,10979762214124747919,14080,23f703aa3bc9,2026-08-28T16:48:23Z,10000,9999,1,,,,,,,,,,,,,,,,,
campaign_c,gen_n10000_rho1.0_independent-positive_seed4.pcf,dpac,1,0,7366036022,4952,4951,10979762214124747919,14080,23f703aa3bc9,2026-08-28T16:48:31Z,10000,9999,1,,,,,,,,,,,,,,,,,
campaign_c,gen_n10000_rho1.0_independent-positive_seed5.pcf,dpac,0,0,7401788427,4949,4948,7843319139400574193,14080,23f703aa3bc9,2026-08-28T16:48:38Z,10000,9999,1,,,,,,,,,,,,,,,,,
campaign_c,gen_n10000_rho1.0_independent-positive_seed5.pcf,dpac,1,0,7412327206,4949,4948,7843319139400574193,14080,23f703aa3bc9,2026-08-28T16:48:45Z,10000,9999,1,,,,,,,,,,,,,,,,,
campaign_c,gen_n10000_rho1.0_independent-positive_seed6.pcf,dpac,0,0,7385981466,4946,4945,2078720716483990828,14080,23f703aa3bc9,2026-08-28T16:48:53Z,10000,9999,1,,,,,,,,,,,,,,,,,
campaign_c,gen_n10000_rho1.0_independent-positive_seed6.pcf,dpac,1,0,7337629149,4946,4945,2078720716483990828,14080,23f703aa3bc9,2026-08-28T16:49:00Z,10000,9999,1,,,,,,,,,,,,,,,,,
campaign_c,gen_n10000_rho1.0_independent-positive_seed7.pcf,dpac,0,0,7402074597,5030,5029,1519885604344408797,14080,23f703aa3bc9,2026-08-28T16:49:08Z,10000,9999,1,,,,,,,,,,,,,,,,,
campaign_c,gen_n10000_rho1.0_independent-positive_seed7.pcf,dpac,1,0,7334425039,5030,5029,1519885604344408797,14080,23f703aa3bc9,2026-08-28T16:49:15Z,10000,9999,1,,,,,,,,,,,,,,,,,
campaign_c,gen_n10000_rho1.0_independent-positive_seed8.pcf,dpac,0,0,7363765655,4838,4837,18054808759382089453,14080,23f703aa3bc9,2026-08-28T16:49:22Z,10000,9999,1,,,,,,,,,,,,,,,,,
campaign_c,gen_n10000_rho1.0_independent-positive_seed8.pcf,dpac,1,0,7308853001,4838,4837,18054808759382089453,14080,23f703aa3bc9,2026-08-28T16:49:30Z,10000,9999,1,,,,,,,,,,,,,,,,,
campaign_c,gen_n10000_rho1.0_independent-positive_seed9.pcf,dpac,0,0,7310733974,4912,4911,4840883691751239483,14080,23f703aa3bc9,2026-08-28T16:49:37Z,10000,9999,1,,,,,,,,,,,,,,,,,
campaign_c,gen_n10000_rho1.0_independent-positive_seed9.pcf,dpac,1,0,7332351419,4912,4911,4840883691751239483,14080,23f703aa3bc9,2026-08-28T16:49:44Z,10000,9999,1,,,,,,,,,,,,,,,,,
campaign_c,gen_n10000_rho1.0_independent-signed_seed0.pcf,dpac,0,0,7275280868,4997,4996,12130340271193452878,14080,23f703aa3bc9,2026-08-28T16:49:52Z,10000,9999,1,,,,,,,,,,,,,,,,,
campaign_c,gen_n10000_rho1.0_independent-signed_seed0.pcf,dpac,1,0,7294953883,4997,4996,12130340271193452878,14080,23f703aa3bc9,2026-08-28T16:49:59Z,10000,9999,1,,,,,,,,,,,,,,,,,
campaign_c,gen_n10000_rho1.0_independent-signed_seed1.pcf,dpac,0,0,7280236020,4951,4950,5448439953341884276,14080,23f703aa3bc9,2026-08-28T16:50:06Z,10000,9999,1,,,,,,,,,,,,,,,,,
campaign_c,gen_n10000_rho1.0_independent-signed_seed1.pcf,dpac,1,0,7329188771,4951,4950,5448439953341884276,14080,23f703aa3bc9,2026-08-28T16:50:13Z,10000,9999,1,,,,,,,,,,,,,,,,,
campaign_c,gen_n10000_rho1.0_independent-signed_seed2.pcf,dpac,0,0,7275157799,4976,4975,13649815369287400095,14080,23f703aa3bc9,2026-08-28T16:50:21Z,10000,9999,1,,,,,,,,,,,,,,,,,
campaign_c,gen_n10000_rho1.0_independent-signed_seed2.pcf,dpac,1,0,7305520780,4976,4975,13649815369287400095,14080,23f703aa3bc9,2026-08-28T16:50:28Z,10000,9999,1,,,,,,,,,,,,,,,,,
campaign_c,gen_n10000_rho1.0_independent-signed_seed3.pcf,dpac,0,0,7272694366,4946,4945,11448270114507510129,14080,23f703aa3bc9,2026-08-28T16:50:35Z,10000,9999,1,,,,,,,,,,,,,,,,,
campaign_c,gen_n10000_rho1.0_independent-signed_seed3.pcf,dpac,1,0,7345780593,4946,4945,11448270114507510129,14080,23f703aa3bc9,2026-08-28T16:50:43Z,10000,9999,1,,,,,,,,,,,,,,,,,
campaign_c,gen_n10000_rho1.0_independent-signed_seed4.pcf,dpac,0,0,7279447348,4916,4915,7160355840257533332,14080,23f703aa3bc9,2026-08-28T16:50:50Z,10000,9999,1,,,,,,,,,,,,,,,,,
campaign_c,gen_n10000_rho1.0_independent-signed_seed4.pcf,dpac,1,0,7303772365,4916,4915,7160355840257533332,14080,23f703aa3bc9,2026-08-28T16:50:57Z,10000,9999,1,,,,,,,,,,,,,,,,,
campaign_c,gen_n10000_rho1.0_independent-signed_seed5.pcf,dpac,0,0,7292744784,4866,4865,8899742738067144741,14080,23f703aa3bc9,2026-08-28T16:51:05Z,10000,9999,1,,,,,,,,,,,,,,,,,
campaign_c,gen_n10000_rho1.0_independent-signed_seed5.pcf,dpac,1,0,7308741314,4866,4865,8899742738067144741,14080,23f703aa3bc9,2026-08-28T16:51:12Z,10000,9999,1,,,,,,,,,,,,,,,,,
campaign_c,gen_n10000_rho1.0_independent-signed_seed6.pcf,dpac,0,0,7325951305,4956,4955,10775901791287554461,14080,23f703aa3bc9,2026-08-28T16:51:19Z,10000,9999,1,,,,,,,,,,,,,,,,,
campaign_c,gen_n10000_rho1.0_independent-signed_seed6.pcf,dpac,1,0,7328557092,4956,4955,10775901791287554461,14080,23f703aa3bc9,2026-08-28T16:51:27Z,10000,9999,1,,,,,,,,,,,,,,,,,
campaign_c,gen_n10000_rho1.0_independent-signed_seed7.pcf,dpac,0,0,7341792960,5009,5008,13609840287397793078,14080,23f703aa3bc9,2026-08-28T16:51:34Z,10000,9999,1,,,,,,,,,,,,,,,,,
campaign_c,gen_n10000_rho1.0_independent-signed_seed7.pcf,dpac,1,0,7354288382,5009,5008,13609840287397793078,14080,23f703aa3bc9,2026-08-28T16:51:41Z,10000,9999,1,,,,,,,,,,,,,,,,,
campaign_c,gen_n10000_rho1.0_independent-signed_seed8.pcf,dpac,0,0,7336922508,4954,4953,10553179497697984687,14080,23f703aa3bc9,2026-08-28T16:51:49Z,10000,9999,1,,,,,,,,,,,,,,,,,
campaign_c,gen_n10000_rho1.0_independent-signed_seed8.pcf,dpac,1,0,7311295203,4954,4953,10553179497697984687,14080,23f703aa3bc9,2026-08-28T16:51:56Z,10000,9999,1,,,,,,,,,,,,,,,,,
campaign_c,gen_n10000_rho1.0_independent-signed_seed9.pcf,dpac,0,0,7317480436,4941,4940,17370422679132427609,14080,23f703aa3bc9,2026-08-28T16:52:03Z,10000,9999,1,,,,,,,,,,,,,,,,,
campaign_c,gen_n10000_rho1.0_independent-signed_seed9.pcf,dpac,1,0,7304481536,4941,4940,17370422679132427609,14080,23f703aa3bc9,2026-08-28T16:52:11Z,10000,9999,1,,,,,,,,,,,,,,,,,
campaign_c,gen_n10000_rho1.0_near-ties_seed0.pcf,dpac,0,0,3725307529,716,715,13725059051907392680,14080,23f703aa3bc9,2026-08-28T16:52:14Z,10000,9999,1,,,,,,,,,,,,,,,,,
campaign_c,gen_n10000_rho1.0_near-ties_seed0.pcf,dpac,1,0,3709846322,716,715,13725059051907392680,14080,23f703aa3bc9,2026-08-28T16:52:18Z,10000,9999,1,,,,,,,,,,,,,,,,,
campaign_c,gen_n10000_rho1.0_near-ties_seed1.pcf,dpac,0,0,3964816756,724,723,3991085410230084646,14080,23f703aa3bc9,2026-08-28T16:52:22Z,10000,9999,1,,,,,,,,,,,,,,,,,
campaign_c,gen_n10000_rho1.0_near-ties_seed1.pcf,dpac,1,0,4001327245,724,723,3991085410230084646,14080,23f703aa3bc9,2026-08-28T16:52:26Z,10000,9999,1,,,,,,,,,,,,,,,,,
campaign_c,gen_n10000_rho1.0_near-ties_seed2.pcf,dpac,0,0,3853177150,718,717,8279643583193363973,14080,23f703aa3bc9,2026-08-28T16:52:30Z,10000,9999,1,,,,,,,,,,,,,,,,,
campaign_c,gen_n10000_rho1.0_near-ties_seed2.pcf,dpac,1,0,3852079754,718,717,8279643583193363973,14080,23f703aa3bc9,2026-08-28T16:52:34Z,10000,9999,1,,,,,,,,,,,,,,,,,
campaign_c,gen_n10000_rho1.0_near-ties_seed3.pcf,dpac,0,0,3907245638,723,722,10716652293616934369,14240,23f703aa3bc9,2026-08-28T16:52:38Z,10000,9999,1,,,,,,,,,,,,,,,,,
campaign_c,gen_n10000_rho1.0_near-ties_seed3.pcf,dpac,1,0,3884956994,723,722,10716652293616934369,14240,23f703aa3bc9,2026-08-28T16:52:41Z,10000,9999,1,,,,,,,,,,,,,,,,,
campaign_c,gen_n10000_rho1.0_near-ties_seed4.pcf,dpac,0,0,3752541472,712,711,3105122692931235820,14240,23f703aa3bc9,2026-08-28T16:52:45Z,10000,9999,1,,,,,,,,,,,,,,,,,
campaign_c,gen_n10000_rho1.0_near-ties_seed4.pcf,dpac,1,0,3792794973,712,711,3105122692931235820,14240,23f703aa3bc9,2026-08-28T16:52:49Z,10000,9999,1,,,,,,,,,,,,,,,,,
campaign_c,gen_n10000_rho1.0_near-ties_seed5.pcf,dpac,0,0,3720123252,713,712,1127544562960305656,14240,23f703aa3bc9,2026-08-28T16:52:53Z,10000,9999,1,,,,,,,,,,,,,,,,,
campaign_c,gen_n10000_rho1.0_near-ties_seed5.pcf,dpac,1,0,3702364256,713,712,1127544562960305656,14240,23f703aa3bc9,2026-08-28T16:52:56Z,10000,9999,1,,,,,,,,,,,,,,,,,
campaign_c,gen_n10000_rho1.0_near-ties_seed6.pcf,dpac,0,0,3781532458,740,739,14480046474870957158,14240,23f703aa3bc9,2026-08-28T16:53:00Z,10000,9999,1,,,,,,,,,,,,,,,,,
campaign_c,gen_n10000_rho1.0_near-ties_seed6.pcf,dpac,1,0,3789580199,740,739,14480046474870957158,14240,23f703aa3bc9,2026-08-28T16:53:04Z,10000,9999,1,,,,,,,,,,,,,,,,,
campaign_c,gen_n10000_rho1.0_near-ties_seed7.pcf,dpac,0,0,3767148691,718,717,8536008727447145975,14240,23f703aa3bc9,2026-08-28T16:53:08Z,10000,9999,1,,,,,,,,,,,,,,,,,
campaign_c,gen_n10000_rho1.0_near-ties_seed7.pcf,dpac,1,0,3766395726,718,717,8536008727447145975,14240,23f703aa3bc9,2026-08-28T16:53:12Z,10000,9999,1,,,,,,,,,,,,,,,,,
campaign_c,gen_n10000_rho1.0_near-ties_seed8.pcf,dpac,0,0,3928814589,712,711,6567292512443396131,14240,23f703aa3bc9,2026-08-28T16:53:16Z,10000,9999,1,,,,,,,,,,,,,,,,,
campaign_c,gen_n10000_rho1.0_near-ties_seed8.pcf,dpac,1,0,3895786396,712,711,6567292512443396131,14240,23f703aa3bc9,2026-08-28T16:53:19Z,10000,9999,1,,,,,,,,,,,,,,,,,
campaign_c,gen_n10000_rho1.0_near-ties_seed9.pcf,dpac,0,0,3927098659,728,727,5039828012386606506,14240,23f703aa3bc9,2026-08-28T16:53:23Z,10000,9999,1,,,,,,,,,,,,,,,,,
campaign_c,gen_n10000_rho1.0_near-ties_seed9.pcf,dpac,1,0,3966669999,728,727,5039828012386606506,14240,23f703aa3bc9,2026-08-28T16:53:27Z,10000,9999,1,,,,,,,,,,,,,,,,,
