instance,n_nodes,n_breakpoints_sampled,hfma_median_ns,rac_median_ns,bppf_median_total_ns,bppf_mismatches
gen_n1000_rho0.6_anti-correlated_seed0.pcf,1000,681,733427,2160484,825740709,0
gen_n1000_rho0.6_anti-correlated_seed1.pcf,1000,710,1072030,3403394,849832052,0
gen_n1000_rho0.6_anti-correlated_seed2.pcf,1000,687,1079798,2212855,830688476,0
gen_n1000_rho0.6_correlated_seed0.pcf,1000,705,1133611,2162055,824927926,0
gen_n1000_rho0.6_correlated_seed1.pcf,1000,667,710032,2341472,802064535,0
gen_n1000_rho0.6_correlated_seed2.pcf,1000,685,1171924,2299569,818282656,0
gen_n1000_rho0.6_exact-ties_seed0.pcf,1000,202,1040683,2177992,242511372,0
gen_n1000_rho0.6_exact-ties_seed1.pcf,1000,189,1040157,2231770,227173337,0
gen_n1000_rho0.6_exact-ties_seed2.pcf,1000,201,657937,2123638,239996343,0
gen_n1000_rho0.6_independent-positive_seed0.pcf,1000,710,829271,2357490,852730261,0
gen_n1000_rho0.6_independent-positive_seed1.pcf,1000,706,1465474,2373002,850387777,0
gen_n1000_rho0.6_independent-positive_seed2.pcf,1000,701,1044191,2288289,850706503,0
gen_n1000_rho0.6_independent-signed_seed0.pcf,1000,710,905060,2338908,851751517,0
gen_n1000_rho0.6_independent-signed_seed1.pcf,1000,714,946355,2407753,860720088,0
gen_n1000_rho0.6_independent-signed_seed2.pcf,1000,704,667626,2223664,848033625,0
gen_n1000_rho0.6_near-ties_seed0.pcf,1000,222,907928,2140753,264462020,0
gen_n1000_rho0.6_near-ties_seed1.pcf,1000,209,723893,2513177,251819847,0
gen_n1000_rho0.6_near-ties_seed2.pcf,1000,212,1113019,3325692,254366445,0
gen_n100_rho0.6_anti-correlated_seed0.pcf,100,59,61705,391633,39689980,0
gen_n100_rho0.6_anti-correlated_seed1.pcf,100,69,80377,178228,46421460,0
gen_n100_rho0.6_anti-correlated_seed2.pcf,100,72,77339,293416,48848284,0
gen_n100_rho0.6_correlated_seed0.pcf,100,71,106454,251380,48220077,0
gen_n100_rho0.6_correlated_seed1.pcf,100,74,83122,305561,49593629,0
gen_n100_rho0.6_correlated_seed2.pcf,100,75,43576,293842,50163293,0
gen_n100_rho0.6_exact-ties_seed0.pcf,100,17,80335,182785,11459967,0
gen_n100_rho0.6_exact-ties_seed1.pcf,100,17,92912,299599,11637957,0
gen_n100_rho0.6_exact-ties_seed2.pcf,100,20,77620,167825,13416372,0
gen_n100_rho0.6_independent-positive_seed0.pcf,100,62,126174,394144,41800104,0
gen_n100_rho0.6_independent-positive_seed1.pcf,100,68,57076,347940,45719829,0
gen_n100_rho0.6_independent-positive_seed2.pcf,100,75,45092,251625,50490927,0
gen_n100_rho0.6_independent-signed_seed0.pcf,100,65,65394,381185,43541558,0
gen_n100_rho0.6_independent-signed_seed1.pcf,100,67,97097,336597,45208105,0
gen_n100_rho0.6_independent-signed_seed2.pcf,100,76,43307,246517,50918547,0
gen_n100_rho0.6_near-ties_seed0.pcf,100,55,71447,399219,36932344,0
gen_n100_rho0.6_near-ties_seed1.pcf,100,60,107730,338976,40717573,0
gen_n100_rho0.6_near-ties_seed2.pcf,100,63,111156,399515,42579129,0
gen_n200_rho0.6_anti-correlated_seed0.pcf,200,134,196713,702581,99605824,0
gen_n200_rho0.6_anti-correlated_seed1.pcf,200,135,196422,719474,100721418,0
gen_n200_rho0.6_anti-correlated_seed2.pcf,200,138,156906,703149,103460639,0
gen_n200_rho0.6_correlated_seed0.pcf,200,147,217247,426485,108535724,0
gen_n200_rho0.6_correlated_seed1.pcf,200,136,130294,737395,99375869,0
gen_n200_rho0.6_correlated_seed2.pcf,200,134,152280,447728,97546967,0
gen_n200_rho0.6_exact-ties_seed0.pcf,200,31,250084,427307,22871986,0
gen_n200_rho0.6_exact-ties_seed1.pcf,200,49,164531,389241,35919614,0
gen_n200_rho0.6_exact-ties_seed2.pcf,200,41,158230,374279,30128245,0
gen_n200_rho0.6_independent-positive_seed0.pcf,200,137,196571,599394,100967794,0
gen_n200_rho0.6_independent-positive_seed1.pcf,200,136,190363,394798,100479815,0
gen_n200_rho0.6_independent-positive_seed2.pcf,200,142,202474,794078,104722995,0
gen_n200_rho0.6_independent-signed_seed0.pcf,200,140,205872,642881,102892872,0
gen_n200_rho0.6_independent-signed_seed1.pcf,200,143,191092,413454,104349495,0
gen_n200_rho0.6_independent-signed_seed2.pcf,200,140,214505,552898,104461759,0
gen_n200_rho0.6_near-ties_seed0.pcf,200,101,176275,639895,75724968,0
gen_n200_rho0.6_near-ties_seed1.pcf,200,97,203725,660538,71402884,0
gen_n200_rho0.6_near-ties_seed2.pcf,200,99,182973,674002,73324522,0
gen_n500_rho0.6_anti-correlated_seed0.pcf,500,349,512738,1788546,324405675,0
gen_n500_rho0.6_anti-correlated_seed1.pcf,500,360,458979,1072036,329130600,0
gen_n500_rho0.6_anti-correlated_seed2.pcf,500,335,677565,1678140,304653100,0
gen_n500_rho0.6_correlated_seed0.pcf,500,338,339968,1160518,307923721,0
gen_n500_rho0.6_correlated_seed1.pcf,500,358,366675,1023502,325282181,0
gen_n500_rho0.6_correlated_seed2.pcf,500,348,660936,1799784,317142866,0
gen_n500_rho0.6_exact-ties_seed0.pcf,500,108,332183,1104268,99292418,0
gen_n500_rho0.6_exact-ties_seed1.pcf,500,91,462374,1605324,83159372,0
gen_n500_rho0.6_exact-ties_seed2.pcf,500,98,611657,1209503,90661250,0
gen_n500_rho0.6_independent-positive_seed0.pcf,500,347,474488,1147251,320030602,0
gen_n500_rho0.6_independent-positive_seed1.pcf,500,349,477675,1292891,317080708,0
gen_n500_rho0.6_independent-positive_seed2.pcf,500,338,359486,1930934,310982266,0
gen_n500_rho0.6_independent-signed_seed0.pcf,500,355,459711,1144462,325036802,0
gen_n500_rho0.6_independent-signed_seed1.pcf,500,350,309150,1088191,317070921,0
gen_n500_rho0.6_independent-signed_seed2.pcf,500,350,500821,1210697,323833833,0
gen_n500_rho0.6_near-ties_seed0.pcf,500,159,624420,1360924,142751100,0
gen_n500_rho0.6_near-ties_seed1.pcf,500,162,470038,1038273,144955314,0
gen_n500_rho0.6_near-ties_seed2.pcf,500,172,381848,1070576,155770468,0
